{"type": "FeatureCollection", "features": [{"type": "Feature", "properties": {"id": "San Luis Obispo", "name": "San Luis Obispo"}, "geometry": {"type": "Polygon", "coordinates": [[[-121.346362833935, 35.7951826441526], [-120.194369, 35.789363], [-120.193988, 35.614389], [-120.08618, 35.614397], [-120.086766, 35.526432], [-120.068777, 35.526557], [-120.069007, 35.512938], [-120.051016, 35.513066], [-120.050927, 35.498248], [-120.033017, 35.498294], [-120.032867, 35.483497], [-120.014305, 35.483396], [-120.015113, 35.468838], [-119.997449, 35.468708], [-119.99315, 35.43947], [-119.880045, 35.439133], [-119.880356, 35.351124], [-119.80921, 35.35094], [-119.809407, 35.263693], [-119.666585, 35.262635], [-119.667304, 35.174982], [-119.553819, 35.180123], [-119.561752, 35.087831], [-119.49038, 35.091646], [-119.490539, 35.076679], [-119.472552, 35.076669], [-119.472489, 34.901175], [-119.535757, 34.897576], [-119.613104, 34.949502], [-119.644601, 34.953748], [-119.673563, 34.973575], [-119.745566, 34.973676], [-119.780402, 34.990729], [-119.789292, 34.98867], [-119.801025, 34.998859], [-119.830825, 35.005781], [-119.854517, 35.032149], [-119.889652, 35.040629], [-119.901968, 35.035793], [-119.928419, 35.059794], [-119.94272, 35.054439], [-119.980122, 35.057573], [-120.013582, 35.075578], [-120.014049, 35.081447], [-120.067313, 35.096762], [-120.072415, 35.10471], [-120.084938, 35.10761], [-120.082084, 35.114678], [-120.09693, 35.109595], [-120.10238, 35.113221], [-120.110811, 35.103353], [-120.117037, 35.106576], [-120.128459, 35.090727], [-120.130191, 35.09614], [-120.143368, 35.095564], [-120.142918, 35.082216], [-120.1743, 35.070574], [-120.18489, 35.048449], [-120.180504, 35.038035], [-120.209907, 35.020582], [-120.24068, 35.02243], [-120.249699, 35.030067], [-120.257321, 35.017719], [-120.260272, 35.026535], [-120.27367, 35.020805], [-120.278619, 35.01156], [-120.290228, 35.015435], [-120.309926, 35.00922], [-120.323823, 35.017314], [-120.334548, 35.006315], [-120.333416, 34.994756], [-120.315998, 34.984005], [-120.314791, 34.973824], [-120.301949, 34.963381], [-120.304134, 34.957099], [-120.294548, 34.946594], [-120.29218, 34.93031], [-120.301827, 34.905571], [-120.318298, 34.907038], [-120.335853, 34.931129], [-120.44025, 34.988323], [-120.496222, 34.993155], [-120.53857, 34.983754], [-120.55492, 34.973881], [-120.575191, 34.978291], [-120.585516, 34.967221], [-120.613143, 34.971272], [-120.634144, 34.959562], [-120.649338482465, 34.9747100117234], [-120.63357, 35.033085], [-120.629583, 35.078362], [-120.636778, 35.128743], [-120.646147, 35.143943], [-120.662475, 35.153357], [-120.675074, 35.153061], [-120.714185, 35.175998], [-120.74887, 35.177795], [-120.754823, 35.174701], [-120.756086, 35.160459], [-120.770192, 35.163731], [-120.790158, 35.179842], [-120.856047, 35.206487], [-120.89679, 35.247877], [-120.895847, 35.27077], [-120.88936, 35.273515], [-120.871886, 35.308447], [-120.862062, 35.346995], [-120.862133, 35.360763], [-120.870137, 35.362383], [-120.864105, 35.376814], [-120.866099, 35.393045], [-120.884757, 35.430196], [-120.907937, 35.449069], [-120.946546, 35.446715], [-120.969436, 35.460197], [-121.003359, 35.46071], [-121.100791, 35.548859], [-121.127522, 35.596603], [-121.14281, 35.60542], [-121.165758, 35.635283], [-121.188613, 35.643239], [-121.195097, 35.634876], [-121.22113, 35.65213], [-121.23974, 35.652362], [-121.260808, 35.66445], [-121.28653, 35.665524], [-121.289794, 35.689428], [-121.315417, 35.713382], [-121.315786, 35.75252], [-121.328463, 35.759878], [-121.324918, 35.769347], [-121.346362833935, 35.7951826441526]]]}}, {"type": "Feature", "properties": {"id": "San Mateo", "name": "San Mateo"}, "geometry": {"type": "Polygon", "coordinates": [[[-122.520852, 37.594178], [-122.501386, 37.599637], [-122.496786, 37.612136], [-122.494085, 37.644035], [-122.502426880724, 37.7081329861058], [-122.393259462166, 37.7083647164057], [-122.387626, 37.67906], [-122.374291, 37.662206], [-122.380044, 37.647721], [-122.391215, 37.646404], [-122.389313, 37.640193], [-122.36507, 37.628147], [-122.367922, 37.620994], [-122.355627, 37.615293], [-122.359128, 37.609321], [-122.373309, 37.613773], [-122.378545, 37.605592], [-122.360219, 37.592501], [-122.31492, 37.591243], [-122.315713, 37.583666], [-122.305895, 37.575484], [-122.262868, 37.573914], [-122.243417, 37.55276], [-122.196593, 37.537196], [-122.20012, 37.526617], [-122.186572, 37.517568], [-122.183483, 37.520773], [-122.162091, 37.500222], [-122.139717, 37.507032], [-122.127706, 37.500053], [-122.123137, 37.474], [-122.11516140516, 37.4662797321484], [-122.123835, 37.461215], [-122.122375, 37.453376], [-122.144933, 37.4582], [-122.165302, 37.452843], [-122.190506, 37.430956], [-122.191008, 37.384401], [-122.202653, 37.363046], [-122.175075, 37.325741], [-122.193062, 37.318277], [-122.18232, 37.309528], [-122.170812, 37.311982], [-122.16233, 37.304413], [-122.166838, 37.295237], [-122.15257, 37.28822], [-122.152774, 37.215444], [-122.242573, 37.215134], [-122.24266, 37.190035], [-122.317682, 37.186945], [-122.311782, 37.147545], [-122.289382, 37.113472], [-122.292973615833, 37.1073182889556], [-122.313907, 37.118161], [-122.329473, 37.113045], [-122.337071, 37.117382], [-122.337833, 37.135936], [-122.360943, 37.150182], [-122.367085, 37.172817], [-122.37927, 37.181128], [-122.3948, 37.181514], [-122.405073, 37.195791], [-122.407181, 37.219465], [-122.419113, 37.24147], [-122.40085, 37.359225], [-122.443687, 37.435941], [-122.445987, 37.461541], [-122.459577, 37.492731], [-122.472388, 37.50054], [-122.493789, 37.492341], [-122.516689, 37.52134], [-122.519533, 37.537302], [-122.513688, 37.552239], [-122.520852, 37.594178]]]}}, {"type": "Feature", "properties": {"id": "Sierra", "name": "Sierra"}, "geometry": {"type": "Polygon", "coordinates": [[[-121.057479, 39.539991], [-121.024383, 39.559049], [-121.009477, 39.639459], [-120.978436, 39.648956], [-120.94012, 39.686604], [-120.93426, 39.701618], [-120.934366, 39.738792], [-120.913879, 39.757222], [-120.895226, 39.759849], [-120.870988, 39.776821], [-120.840428, 39.747004], [-120.826688, 39.742094], [-120.81577, 39.746945], [-120.809379, 39.721186], [-120.794768, 39.7184], [-120.792484, 39.709794], [-120.749929, 39.719635], [-120.734065, 39.708214], [-120.716573, 39.706343], [-120.679907, 39.67659], [-120.66004, 39.686197], [-120.654124, 39.706234], [-120.015734, 39.708721], [-120.015804, 39.722359], [-120.001319, 39.72242], [-120.003871869173, 39.445057041725], [-120.505445, 39.446117], [-120.510412, 39.455282], [-120.534377, 39.464653], [-120.534429, 39.483765], [-120.54908, 39.49447], [-120.560823, 39.516207], [-120.577348, 39.523192], [-120.624645, 39.519547], [-120.655217, 39.526699], [-120.700804, 39.502583], [-120.717123, 39.488805], [-120.714568, 39.48161], [-120.74282, 39.467283], [-120.742492, 39.461276], [-120.75624, 39.452474], [-120.784241, 39.448038], [-120.800904, 39.437484], [-120.816794, 39.44081], [-120.826357, 39.435039], [-120.83707, 39.440419], [-120.931983, 39.417125], [-120.978334, 39.417872], [-120.979349, 39.411839], [-120.992273, 39.414396], [-121.015537, 39.40501], [-121.007365, 39.39969], [-121.022085, 39.391558], [-121.0344, 39.514436], [-121.045709, 39.514577], [-121.053714, 39.522238], [-121.057479, 39.539991]]]}}, {"type": "Feature", "properties": {"id": "Sacramento", "name": "Sacramento"}, "geometry": {"type": "Polygon", "coordinates": [[[-121.862542, 38.06795], [-121.842444, 38.076735], [-121.827916, 38.066223], [-121.801643, 38.059503], [-121.743164, 38.087229], [-121.729348, 38.082348], [-121.710888, 38.086489], [-121.707215, 38.109846], [-121.692095, 38.133126], [-121.685586, 38.159705], [-121.662907, 38.181869], [-121.612102, 38.200068], [-121.601996, 38.22265], [-121.60518, 38.296084], [-121.583954, 38.331652], [-121.575216, 38.327161], [-121.559353, 38.342567], [-121.536913, 38.347785], [-121.520777, 38.36212], [-121.524258, 38.378981], [-121.514265, 38.388326], [-121.513481, 38.399942], [-121.5326, 38.43146], [-121.503847, 38.439614], [-121.504139, 38.466563], [-121.511882, 38.473673], [-121.542717, 38.476447], [-121.559036, 38.499592], [-121.551782, 38.513861], [-121.5255, 38.518777], [-121.530976, 38.52897], [-121.512618, 38.541666], [-121.520965, 38.566205], [-121.506835, 38.589022], [-121.515766, 38.602704], [-121.549869, 38.599405], [-121.558268, 38.608204], [-121.566868, 38.645104], [-121.594069, 38.644106], [-121.63019, 38.677445], [-121.633614, 38.692291], [-121.605774, 38.718319], [-121.602894, 38.735838], [-121.474074, 38.734006], [-121.142833, 38.712133], [-121.133782, 38.705386], [-121.11866, 38.71707], [-121.027472, 38.508218], [-121.027084, 38.300252], [-121.047494, 38.291142], [-121.066653, 38.299146], [-121.093113, 38.282569], [-121.127782, 38.277447], [-121.173079, 38.255208], [-121.192023, 38.256698], [-121.222512, 38.244406], [-121.26838, 38.252271], [-121.283031, 38.249659], [-121.295505, 38.237624], [-121.344024, 38.22826], [-121.389054, 38.233165], [-121.398193, 38.227427], [-121.420517, 38.237242], [-121.429097, 38.254673], [-121.470958, 38.259902], [-121.48007, 38.253576], [-121.478741, 38.245993], [-121.491669, 38.22769], [-121.50639, 38.224587], [-121.504335, 38.212131], [-121.509935, 38.20458], [-121.528896, 38.195332], [-121.524359, 38.172316], [-121.53631, 38.151581], [-121.559176, 38.143886], [-121.557688, 38.136751], [-121.584074, 38.120228], [-121.580783, 38.111009], [-121.565751, 38.105279], [-121.567184, 38.097321], [-121.627376, 38.09836], [-121.638088, 38.086131], [-121.661865, 38.095618], [-121.673065, 38.093518], [-121.681865, 38.082019], [-121.68147, 38.061244], [-121.699765, 38.04522], [-121.737824, 38.02663], [-121.777485, 38.018917], [-121.818175, 38.02219], [-121.832122, 38.031101], [-121.846802, 38.059955], [-121.862542, 38.06795]]]}}, {"type": "Feature", "properties": {"id": "Tulare", "name": "Tulare"}, "geometry": {"type": "Polygon", "coordinates": [[[-119.573194, 36.488835], [-119.466322, 36.575238], [-119.305102, 36.573725], [-119.304625, 36.660606], [-118.984779, 36.657147], [-118.982441, 36.741646], [-118.351329, 36.741034], [-118.339629, 36.729034], [-118.334728, 36.705534], [-118.366128, 36.690435], [-118.352028, 36.682934], [-118.347527, 36.672334], [-118.331227, 36.669434], [-118.338227, 36.655434], [-118.318926, 36.638434], [-118.320826, 36.627034], [-118.274624, 36.597334], [-118.289024, 36.590734], [-118.292123, 36.562735], [-118.252022, 36.542135], [-118.250922, 36.525635], [-118.239021, 36.523635], [-118.241421, 36.500035], [-118.23502, 36.493735], [-118.24992, 36.482435], [-118.21592, 36.456736], [-118.209819, 36.430336], [-118.174819, 36.426736], [-118.157019, 36.432636], [-118.137919, 36.418036], [-118.140319, 36.403536], [-118.163019, 36.389636], [-118.141018, 36.371636], [-118.130518, 36.370336], [-118.124218, 36.351937], [-118.100317, 36.346137], [-118.097691, 36.331099], [-118.112517, 36.322037], [-118.111817, 36.308337], [-118.127008, 36.300223], [-118.127601, 36.280348], [-118.117385, 36.271165], [-118.119366, 36.255561], [-118.105216, 36.233639], [-118.105616, 36.213439], [-118.073715, 36.18944], [-118.059315, 36.17014], [-118.059714, 36.150841], [-118.073514, 36.140341], [-118.064914, 36.110342], [-118.067313, 36.093442], [-118.051513, 36.083242], [-118.051713, 36.059543], [-118.042712, 36.048543], [-118.046312, 36.042943], [-118.033611, 36.008944], [-118.012077, 35.998305], [-118.003577, 35.983718], [-118.0147, 35.972454], [-118.016791, 35.954551], [-117.991944, 35.943771], [-117.983287, 35.926563], [-117.990218, 35.912741], [-117.982198, 35.893088], [-117.989012, 35.884116], [-117.980761, 35.867515], [-117.996701, 35.869493], [-118.007418, 35.85818], [-118.006195, 35.829037], [-117.998605, 35.823029], [-118.007727, 35.817083], [-118.008094, 35.788935], [-119.53812, 35.789898], [-119.53638, 36.137893], [-119.529141, 36.137914], [-119.529358, 36.26985], [-119.474607, 36.269025], [-119.474892, 36.400953], [-119.528792, 36.401465], [-119.527194, 36.488886], [-119.573194, 36.488835]]]}}, {"type": "Feature", "properties": {"id": "San Benito", "name": "San Benito"}, "geometry": {"type": "Polygon", "coordinates": [[[-121.644001, 36.893996], [-121.629457, 36.911688], [-121.607354, 36.899452], [-121.585954, 36.900952], [-121.575402, 36.893033], [-121.560272, 36.897111], [-121.558452, 36.910468], [-121.513813, 36.945155], [-121.512275, 36.959036], [-121.488949, 36.983148], [-121.467939, 36.976772], [-121.463656, 36.984877], [-121.449119, 36.988211], [-121.418246, 36.960549], [-121.214536, 36.961248], [-121.211794, 36.957113], [-121.229205, 36.941031], [-121.234683, 36.926894], [-121.221378, 36.910301], [-121.188796, 36.913238], [-121.182176, 36.893333], [-121.169495, 36.885322], [-121.163588, 36.869245], [-121.152626, 36.865351], [-121.141523, 36.836656], [-120.933428, 36.751704], [-120.603706, 36.488242], [-120.597155, 36.488235], [-120.596562, 36.328488], [-120.617915, 36.318817], [-120.663131, 36.314385], [-120.682723, 36.294441], [-120.682885, 36.286796], [-120.672622, 36.280489], [-120.678582, 36.267319], [-120.746654, 36.310234], [-120.75834, 36.308604], [-120.733847, 36.284196], [-120.707429, 36.231785], [-120.706121, 36.20373], [-120.718169, 36.196848], [-120.731795, 36.203959], [-120.758691, 36.202084], [-120.789282, 36.235001], [-120.812166, 36.245195], [-120.810774, 36.251702], [-120.837059, 36.262742], [-120.836715, 36.271509], [-120.85202, 36.285964], [-120.87389, 36.295167], [-120.889216, 36.290364], [-120.919778, 36.310984], [-120.933104, 36.299768], [-120.939157, 36.283463], [-120.953432, 36.274706], [-120.9858, 36.292937], [-120.992415, 36.269921], [-121.012001, 36.26464], [-121.014576, 36.268611], [-121.018919, 36.259643], [-121.026833, 36.259761], [-121.027253, 36.275106], [-121.040302, 36.271058], [-121.040797, 36.323969], [-121.193465, 36.445751], [-121.215107, 36.473217], [-121.229511, 36.475277], [-121.228108, 36.484599], [-121.239295, 36.504782], [-121.311788, 36.502736], [-121.307189, 36.516812], [-121.295362, 36.527129], [-121.313476, 36.549917], [-121.328697, 36.55474], [-121.33392, 36.574404], [-121.32347, 36.577869], [-121.32735, 36.585886], [-121.318373, 36.610026], [-121.342089, 36.631354], [-121.350092, 36.648357], [-121.36803, 36.656744], [-121.406993, 36.656035], [-121.415535, 36.673058], [-121.431571, 36.678728], [-121.444333, 36.673148], [-121.458962, 36.68572], [-121.468612, 36.685418], [-121.484508, 36.713062], [-121.454057, 36.720975], [-121.452646, 36.729209], [-121.462368, 36.743851], [-121.475651, 36.74921], [-121.481856, 36.765459], [-121.504011, 36.757205], [-121.597698, 36.83735], [-121.622089, 36.846203], [-121.642565, 36.8737], [-121.644001, 36.893996]]]}}, {"type": "Feature", "properties": {"id": "Butte", "name": "Butte"}, "geometry": {"type": "Polygon", "coordinates": [[[-122.068744, 39.842222], [-122.040789, 39.879899], [-122.044865, 39.883771], [-121.776224, 39.888858], [-121.750634, 39.906805], [-121.744558, 39.941848], [-121.703241, 39.98423], [-121.646032, 39.982527], [-121.645849, 39.997058], [-121.63544, 39.996822], [-121.636174, 40.02581], [-121.626634, 40.025636], [-121.626086, 40.039496], [-121.608729, 40.046746], [-121.608641, 40.055083], [-121.595647, 40.057714], [-121.595802, 40.093458], [-121.586141, 40.093295], [-121.586407, 40.100522], [-121.510559, 40.100515], [-121.510551, 40.107977], [-121.490873, 40.108044], [-121.490858, 40.115286], [-121.48097, 40.115087], [-121.480954, 40.122366], [-121.452898, 40.122125], [-121.452727, 40.129735], [-121.442869, 40.129647], [-121.442836, 40.1487], [-121.436886, 40.151905], [-121.404509, 40.151648], [-121.404855, 40.115545], [-121.385934, 40.1159], [-121.386105, 40.10865], [-121.376489, 40.108626], [-121.376792, 40.086034], [-121.366818, 40.086054], [-121.367142, 40.071888], [-121.376844, 40.071747], [-121.382266, 40.051827], [-121.400353, 40.052095], [-121.400338, 40.030523], [-121.409642, 40.030624], [-121.409562, 40.015728], [-121.41948, 40.015766], [-121.419817, 39.987549], [-121.410263, 39.987303], [-121.410327, 39.958478], [-121.419844, 39.958625], [-121.420573, 39.929606], [-121.411086, 39.929433], [-121.411001, 39.915091], [-121.430012, 39.914833], [-121.429957, 39.900313], [-121.411, 39.900425], [-121.411936, 39.871421], [-121.399018, 39.871287], [-121.398529, 39.862884], [-121.38015, 39.862816], [-121.380183, 39.855421], [-121.361206, 39.855473], [-121.360516, 39.84074], [-121.351079, 39.84035], [-121.350821, 39.825704], [-121.332293, 39.825696], [-121.332333, 39.811053], [-121.318471, 39.810906], [-121.316938, 39.796702], [-121.284946, 39.781576], [-121.285852, 39.767624], [-121.268272, 39.768799], [-121.268025, 39.754244], [-121.251074, 39.754041], [-121.248256, 39.740041], [-121.229706, 39.740213], [-121.229446, 39.725665], [-121.210878, 39.725651], [-121.208687, 39.700358], [-121.190532, 39.699891], [-121.190284, 39.685353], [-121.171188, 39.685564], [-121.171143, 39.671088], [-121.163015, 39.670987], [-121.155077, 39.656785], [-121.136412, 39.65681], [-121.136715, 39.628169], [-121.097538, 39.620903], [-121.097703, 39.613698], [-121.088947, 39.613545], [-121.088921, 39.603306], [-121.079345, 39.60335], [-121.079543, 39.585263], [-121.107465, 39.585275], [-121.10697, 39.567191], [-121.141213, 39.562278], [-121.140885, 39.55555], [-121.149898, 39.555289], [-121.149907, 39.526446], [-121.158978, 39.526131], [-121.159296, 39.519595], [-121.210022, 39.52722], [-121.240483, 39.526613], [-121.240242, 39.513091], [-121.305122, 39.519585], [-121.305425, 39.497816], [-121.31498, 39.486961], [-121.314787, 39.475899], [-121.338264, 39.465031], [-121.33842, 39.454381], [-121.345139, 39.452567], [-121.345338, 39.438923], [-121.334071, 39.425802], [-121.363493, 39.403297], [-121.36008, 39.398719], [-121.372901, 39.36459], [-121.403218, 39.349567], [-121.407527, 39.339754], [-121.447014, 39.330568], [-121.474964, 39.333341], [-121.484557, 39.324889], [-121.483567, 39.31834], [-121.497901, 39.314208], [-121.530545, 39.318256], [-121.56314, 39.305006], [-121.576029, 39.310838], [-121.594183, 39.307835], [-121.611177, 39.31928], [-121.62376, 39.295621], [-121.63015, 39.305668], [-121.908269, 39.303878], [-121.903049, 39.330121], [-121.894389, 39.341085], [-121.898608, 39.357905], [-121.88387, 39.373926], [-121.890271, 39.390585], [-121.870947, 39.448324], [-121.877341, 39.509549], [-121.856532, 39.536904], [-121.945194, 39.536057], [-121.974031, 39.52885], [-121.994021, 39.533926], [-122.003134, 39.559295], [-121.990634, 39.564295], [-122.003243, 39.574815], [-121.995062, 39.582295], [-121.995767, 39.603164], [-121.979404, 39.617159], [-121.990647, 39.626319], [-121.990829, 39.636539], [-121.985072, 39.645932], [-121.966623, 39.652444], [-121.975823, 39.663461], [-121.989831, 39.660273], [-121.997348, 39.668483], [-121.961435, 39.677289], [-121.956919, 39.687525], [-121.944915, 39.690919], [-121.941583, 39.698113], [-121.950951, 39.715004], [-121.946937, 39.730653], [-121.952407, 39.73182], [-121.962524, 39.717741], [-121.96792, 39.723317], [-121.960168, 39.734161], [-121.963796, 39.741398], [-121.970385, 39.732234], [-121.982176, 39.733902], [-121.995164, 39.749882], [-122.02456, 39.767942], [-122.032417, 39.778725], [-122.023828, 39.797674], [-122.03362, 39.799388], [-122.040126, 39.792748], [-122.064851, 39.811532], [-122.056665, 39.827303], [-122.068744, 39.842222]]]}}, {"type": "Feature", "properties": {"id": "Merced", "name": "Merced"}, "geometry": {"type": "Polygon", "coordinates": [[[-121.248647, 37.03368], [-121.224507, 37.039743], [-121.224518, 37.056237], [-121.21212, 37.055299], [-121.208198, 37.061289], [-121.209637, 37.068243], [-121.245384, 37.089501], [-121.230439, 37.096942], [-121.217339, 37.123042], [-121.226804, 37.134774], [-120.964685, 37.345385], [-120.976465, 37.349616], [-120.9814, 37.364869], [-120.973119, 37.376148], [-120.984366, 37.375136], [-120.981958, 37.385402], [-120.994529, 37.386648], [-120.988724, 37.396512], [-120.38767, 37.633364], [-120.319197, 37.521335], [-120.311493, 37.497228], [-120.299172, 37.488845], [-120.279579, 37.457947], [-120.275096, 37.440713], [-120.284042, 37.432476], [-120.283398, 37.424363], [-120.203531, 37.313321], [-120.187709, 37.301072], [-120.182724, 37.291405], [-120.186637, 37.28028], [-120.177636, 37.261526], [-120.143826, 37.239192], [-120.090078, 37.22147], [-120.052055, 37.183108], [-120.115088, 37.165656], [-120.174129, 37.165929], [-120.187594, 37.160252], [-120.222965, 37.163969], [-120.290384, 37.152428], [-120.341204, 37.124596], [-120.363315, 37.119712], [-120.384886, 37.124589], [-120.406298, 37.111219], [-120.476692, 37.09639], [-120.598564, 36.99863], [-120.585407, 36.991248], [-120.590566, 36.952641], [-120.65595, 36.952832], [-120.918731, 36.740381], [-120.933428, 36.751704], [-121.141523, 36.836656], [-121.152626, 36.865351], [-121.163588, 36.869245], [-121.169495, 36.885322], [-121.182176, 36.893333], [-121.188796, 36.913238], [-121.221378, 36.910301], [-121.234683, 36.926894], [-121.229205, 36.941031], [-121.211794, 36.957113], [-121.245887, 36.983036], [-121.245137, 36.992922], [-121.233137, 36.999346], [-121.238166, 37.009086], [-121.233337, 37.011746], [-121.248647, 37.03368]]]}}, {"type": "Feature", "properties": {"id": "Tuolumne", "name": "Tuolumne"}, "geometry": {"type": "Polygon", "coordinates": [[[-120.653237, 37.83282], [-120.633786, 37.860608], [-120.604736, 37.87324], [-120.587752, 37.894982], [-120.571348, 37.894437], [-120.562198, 37.91407], [-120.542351, 37.920446], [-120.535242, 37.944404], [-120.513439, 37.956444], [-120.528292, 37.975895], [-120.543274, 37.97572], [-120.528116, 37.982239], [-120.534985, 37.990939], [-120.521653, 37.99516], [-120.516178, 38.004133], [-120.504516, 37.991144], [-120.499822, 38.007937], [-120.492056, 38.011203], [-120.463749, 38.01039], [-120.46884, 38.019648], [-120.462133, 38.022375], [-120.442529, 38.058741], [-120.431245, 38.060509], [-120.430819, 38.073389], [-120.41463, 38.081911], [-120.410008, 38.102399], [-120.387963, 38.115243], [-120.371396, 38.137868], [-120.376203, 38.142649], [-120.37151, 38.149924], [-120.357544, 38.153879], [-120.360324, 38.160354], [-120.340933, 38.171627], [-120.339506, 38.183911], [-120.307579, 38.224431], [-120.29124, 38.234003], [-120.289221, 38.24656], [-120.272432, 38.259775], [-120.271009, 38.270281], [-120.23987, 38.295787], [-120.228749, 38.314394], [-120.205161, 38.329646], [-120.176177, 38.374014], [-120.134916, 38.396529], [-120.087914, 38.403381], [-120.040563, 38.425927], [-120.029923, 38.424682], [-120.019951, 38.433521], [-119.884749, 38.356185], [-119.837551, 38.382411], [-119.814691, 38.387516], [-119.801648, 38.401395], [-119.770553, 38.406663], [-119.750644, 38.417391], [-119.704042, 38.415324], [-119.693622, 38.378899], [-119.700029, 38.365215], [-119.639205, 38.32688], [-119.645261, 38.317923], [-119.642478, 38.29384], [-119.651375, 38.286638], [-119.613201, 38.261416], [-119.621901, 38.25279], [-119.604895, 38.239198], [-119.604936, 38.234156], [-119.624422, 38.228673], [-119.625442, 38.206004], [-119.632671, 38.198858], [-119.598421, 38.181697], [-119.586561, 38.184839], [-119.578374, 38.175652], [-119.576496, 38.157661], [-119.546947, 38.15442], [-119.545551, 38.143072], [-119.50649, 38.137113], [-119.507613, 38.152504], [-119.501832, 38.159264], [-119.497132, 38.156885], [-119.488519, 38.132175], [-119.469456, 38.128283], [-119.472842, 38.116966], [-119.45776, 38.110723], [-119.4645, 38.103589], [-119.459805, 38.096277], [-119.440468, 38.095678], [-119.441558, 38.102683], [-119.430546, 38.116269], [-119.423957, 38.107438], [-119.397024, 38.106821], [-119.380222, 38.092546], [-119.345922, 38.083113], [-119.335839, 38.066283], [-119.324213, 38.060937], [-119.322645, 38.049865], [-119.31119, 38.044756], [-119.313952, 38.034535], [-119.30459, 38.023891], [-119.318391, 37.986423], [-119.31469, 37.981123], [-119.32259, 37.971023], [-119.313089, 37.953024], [-119.287887, 37.933024], [-119.263986, 37.926525], [-119.263885, 37.912225], [-119.239784, 37.911826], [-119.219883, 37.898626], [-119.210783, 37.899426], [-119.200083, 37.884527], [-119.213283, 37.873327], [-119.216882, 37.849628], [-119.196182, 37.844028], [-119.20688, 37.839927], [-119.203981, 37.829828], [-119.216881, 37.818728], [-119.20128, 37.804329], [-119.20438, 37.793229], [-119.24308, 37.76913], [-119.254981, 37.756329], [-119.255879, 37.74503], [-119.268979, 37.73923], [-119.288381, 37.74503], [-119.293382, 37.767929], [-119.310984, 37.778428], [-119.310484, 37.792528], [-119.354987, 37.811826], [-119.351387, 37.825526], [-119.372602, 37.832883], [-119.375511, 37.840873], [-119.402689, 37.835225], [-119.407291, 37.854924], [-119.421991, 37.857724], [-119.426792, 37.866724], [-119.442692, 37.859824], [-119.441993, 37.867523], [-119.451494, 37.871023], [-119.462794, 37.868423], [-119.474295, 37.855623], [-119.484095, 37.864423], [-119.502596, 37.867822], [-119.515297, 37.884422], [-119.529798, 37.891122], [-119.535699, 37.904122], [-119.563, 37.902522], [-119.5816, 37.893722], [-119.586901, 37.887822], [-119.584864, 37.874922], [-119.597874, 37.860971], [-119.624989, 37.847714], [-119.648603, 37.845023], [-119.657703, 37.834123], [-119.650903, 37.820823], [-119.653903, 37.810423], [-119.667203, 37.801224], [-119.689704, 37.800224], [-119.699605, 37.789124], [-119.709805, 37.793524], [-119.733906, 37.787924], [-119.746007, 37.782924], [-119.751007, 37.773324], [-119.791509, 37.764625], [-119.808509, 37.754925], [-119.837909, 37.770226], [-119.852011, 37.757726], [-119.868212, 37.773225], [-119.875512, 37.772526], [-119.876012, 37.763826], [-119.901213, 37.757826], [-119.938414, 37.763026], [-119.964915, 37.782826], [-120.026593, 37.811877], [-120.035987, 37.807874], [-120.055129, 37.812793], [-120.058929, 37.824919], [-120.079508, 37.828808], [-120.090466, 37.821872], [-120.090279, 37.810747], [-120.127226, 37.781566], [-120.161812, 37.787406], [-120.17431, 37.799342], [-120.182299, 37.795564], [-120.188981, 37.767934], [-120.227015, 37.760371], [-120.237935, 37.765244], [-120.239687, 37.75349], [-120.256536, 37.748441], [-120.26072, 37.733562], [-120.282617, 37.745277], [-120.286494, 37.729449], [-120.307687, 37.735608], [-120.320841, 37.726158], [-120.34521, 37.725664], [-120.306407, 37.665759], [-120.312313, 37.662947], [-120.309838, 37.655977], [-120.325943, 37.648966], [-120.352625, 37.674556], [-120.391931, 37.683559], [-120.394122, 37.66812], [-120.375144, 37.652208], [-120.387613, 37.633704], [-120.653237, 37.83282]]]}}, {"type": "Feature", "properties": {"id": "Orange", "name": "Orange"}, "geometry": {"type": "Polygon", "coordinates": [[[-118.114635, 33.744606], [-118.09197, 33.758472], [-118.096705, 33.779085], [-118.084744, 33.80291], [-118.06317, 33.819681], [-118.05904, 33.846195], [-118.037598, 33.866013], [-118.028717, 33.866242], [-118.028782, 33.873322], [-118.011383, 33.873431], [-118.002855, 33.888161], [-117.994057, 33.888218], [-117.994136, 33.895513], [-117.976593, 33.90281], [-117.976498, 33.94605], [-117.783252, 33.946261], [-117.679303, 33.877621], [-117.671608, 33.869368], [-117.674282, 33.857956], [-117.662117, 33.857499], [-117.580136, 33.767988], [-117.536448, 33.757665], [-117.533999, 33.710355], [-117.474573, 33.703811], [-117.413314, 33.659302], [-117.51021, 33.533999], [-117.509909, 33.520546], [-117.503181, 33.520405], [-117.503756, 33.508945], [-117.509725, 33.509062], [-117.508614, 33.469614], [-117.557226, 33.451194], [-117.57848, 33.453927], [-117.595996031481, 33.3877884344227], [-117.62217, 33.421996], [-117.658067, 33.44955], [-117.681025, 33.461754], [-117.68942, 33.461658], [-117.691384, 33.454028], [-117.714617, 33.459914], [-117.726486, 33.483427], [-117.78428, 33.541843], [-117.819821, 33.554716], [-117.873352, 33.592933], [-117.928019, 33.607187], [-118.000593, 33.654319], [-118.088928, 33.731214], [-118.114635, 33.744606]]]}}, {"type": "Feature", "properties": {"id": "Los Angeles", "name": "Los Angeles"}, "geometry": {"type": "MultiPolygon", "coordinates": [[[[-118.604415, 33.478552], [-118.585936, 33.473819], [-118.538624, 33.477015], [-118.50285, 33.453302], [-118.497435, 33.441964], [-118.477646, 33.448392], [-118.445812, 33.428907], [-118.370323, 33.409285], [-118.368126, 33.389533], [-118.310213, 33.335795], [-118.305084, 33.310323], [-118.325244, 33.299075], [-118.374768, 33.320065], [-118.441066, 33.318555], [-118.465368, 33.326056], [-118.487453, 33.350883], [-118.485789, 33.372918], [-118.475331, 33.383238], [-118.48875, 33.419826], [-118.511696, 33.429667], [-118.515914, 33.422417], [-118.52323, 33.430733], [-118.575394, 33.440179], [-118.575901, 33.448261], [-118.604415, 33.478552]]], [[[-118.6105, 33.032941], [-118.598853, 33.036329], [-118.593862, 33.03055], [-118.573897, 33.03055], [-118.562726, 33.006834], [-118.552743, 33.002848], [-118.549891, 32.989492], [-118.499503, 32.933654], [-118.354185, 32.820919], [-118.360936, 32.817078], [-118.391834, 32.826266], [-118.431809, 32.801462], [-118.439396, 32.815671], [-118.506206, 32.852985], [-118.51229, 32.879178], [-118.55203, 32.91925], [-118.556404, 32.947018], [-118.580362, 32.974299], [-118.593435, 33.012386], [-118.610262, 33.015803], [-118.6105, 33.032941]]], [[[-118.944502, 34.046563], [-118.940965, 34.07483], [-118.788889, 34.168214], [-118.668152, 34.168195], [-118.667714, 34.240345], [-118.632494, 34.240391], [-118.636789, 34.291804], [-118.894634, 34.817972], [-118.880416, 34.817843], [-118.884057, 34.810817], [-118.876722, 34.803203], [-118.854114, 34.803279], [-118.854009, 34.817684], [-117.667459, 34.822528], [-117.667121, 34.557906], [-117.660401, 34.557892], [-117.659673, 34.451605], [-117.646374, 34.28917], [-117.678501, 34.161993], [-117.730125, 34.021371], [-117.767657, 34.023508], [-117.767525, 34.004695], [-117.78517, 34.004625], [-117.802445, 33.968308], [-117.793667, 33.968135], [-117.793551, 33.953822], [-117.783252, 33.946261], [-117.976498, 33.94605], [-117.976593, 33.90281], [-117.994136, 33.895513], [-117.994057, 33.888218], [-118.002855, 33.888161], [-118.011383, 33.873431], [-118.028782, 33.873322], [-118.028717, 33.866242], [-118.037598, 33.866013], [-118.05904, 33.846195], [-118.06317, 33.819681], [-118.084744, 33.80291], [-118.096705, 33.779085], [-118.09197, 33.758472], [-118.115411077283, 33.7432945549888], [-118.150699, 33.759982], [-118.180801, 33.765054], [-118.180337, 33.758779], [-118.190484, 33.755814], [-118.185726, 33.73296], [-118.214781, 33.745416], [-118.24277, 33.743355], [-118.237826, 33.728918], [-118.251105, 33.724213], [-118.247115, 33.715226], [-118.267839, 33.722145], [-118.272845, 33.715783], [-118.283692, 33.715995], [-118.277436, 33.707992], [-118.294074, 33.705149], [-118.351393, 33.727349], [-118.364253, 33.738167], [-118.410465, 33.74104], [-118.428162, 33.774345], [-118.406997, 33.79145], [-118.405378, 33.799733], [-118.393997, 33.804183], [-118.390549, 33.838779], [-118.399709, 33.843508], [-118.411601, 33.883531], [-118.451436, 33.959108], [-118.503345, 34.017206], [-118.543846, 34.039031], [-118.671023, 34.038817], [-118.683124, 34.030822], [-118.70673, 34.02966], [-118.742354, 34.03294], [-118.785411, 34.02109], [-118.806552, 34.000448], [-118.854908, 34.034919], [-118.944502, 34.046563]]]]}}, {"type": "Feature", "properties": {"id": "Santa Cruz", "name": "Santa Cruz"}, "geometry": {"type": "Polygon", "coordinates": [[[-122.317682, 37.186945], [-122.24266, 37.190035], [-122.242573, 37.215134], [-122.152774, 37.215444], [-122.152278, 37.286055], [-122.15057, 37.2762], [-122.121638, 37.25856], [-122.10423, 37.23427], [-122.065933, 37.210413], [-122.055087, 37.212497], [-122.03075, 37.18999], [-122.026174, 37.166854], [-121.95416, 37.12915], [-121.890867, 37.105256], [-121.860236, 37.104073], [-121.861884, 37.099346], [-121.8184, 37.08382], [-121.809076, 37.069301], [-121.75492, 37.04845], [-121.74238, 37.03024], [-121.725771, 37.02065], [-121.731313, 37.022417], [-121.736186, 37.015342], [-121.718762, 37.007557], [-121.738697, 36.989991], [-121.717878, 36.995561], [-121.695358, 36.98515], [-121.698129, 36.972605], [-121.664787, 36.963714], [-121.663257, 36.951851], [-121.654038, 36.950584], [-121.645791, 36.93233], [-121.62473, 36.940094], [-121.607155, 36.926051], [-121.590354, 36.926151], [-121.590154, 36.919252], [-121.581154, 36.919252], [-121.581354, 36.899152], [-121.607354, 36.899452], [-121.629457, 36.911688], [-121.644001, 36.893996], [-121.657904, 36.913814], [-121.680621, 36.903285], [-121.697441, 36.911607], [-121.705529, 36.909503], [-121.699956, 36.919683], [-121.715417, 36.908871], [-121.725594, 36.914345], [-121.745365, 36.909293], [-121.76936, 36.885185], [-121.787014, 36.88497], [-121.802647, 36.869331], [-121.800842, 36.857548], [-121.810551858284, 36.8506482495196], [-121.862266, 36.931552], [-121.894667, 36.961851], [-121.930069, 36.97815], [-121.95167, 36.97145], [-121.972771, 36.954151], [-122.012739, 36.963216], [-122.023373, 36.96215], [-122.026477, 36.951802], [-122.065642, 36.948466], [-122.126711, 36.964351], [-122.223799, 37.025672], [-122.22879, 37.038574], [-122.292973615833, 37.1073182889556], [-122.289382, 37.113472], [-122.311782, 37.147545], [-122.317682, 37.186945]]]}}, {"type": "Feature", "properties": {"id": "Sonoma", "name": "Sonoma"}, "geometry": {"type": "Polygon", "coordinates": [[[-123.533535, 38.768408], [-123.520961, 38.758575], [-123.516343, 38.767784], [-123.497042, 38.778604], [-123.368236, 38.777066], [-123.368394, 38.80664], [-123.136253, 38.809136], [-123.136636, 38.839448], [-123.08123, 38.838406], [-123.080997, 38.852438], [-122.817651, 38.849839], [-122.812089, 38.838412], [-122.795989, 38.838952], [-122.791393, 38.830429], [-122.747756, 38.803344], [-122.74822, 38.787795], [-122.722693, 38.763013], [-122.724158, 38.756561], [-122.709321, 38.74902], [-122.71038, 38.732082], [-122.700924, 38.728866], [-122.695451, 38.71309], [-122.646569, 38.706177], [-122.637049, 38.69373], [-122.639497, 38.689058], [-122.625464, 38.674402], [-122.63325, 38.669126], [-122.623332, 38.664568], [-122.623269, 38.652549], [-122.633781, 38.638943], [-122.62858, 38.622562], [-122.646594, 38.598121], [-122.630208, 38.578529], [-122.631832, 38.569367], [-122.622681, 38.567692], [-122.620846, 38.560317], [-122.582148, 38.549399], [-122.566602, 38.525553], [-122.544673, 38.520698], [-122.541683, 38.513411], [-122.550025, 38.511194], [-122.535309, 38.50169], [-122.544733, 38.495675], [-122.529625, 38.469593], [-122.516059, 38.470887], [-122.505822, 38.464493], [-122.509618, 38.457477], [-122.480002, 38.451328], [-122.497606, 38.4243], [-122.448117, 38.379505], [-122.457075, 38.369994], [-122.452482, 38.362359], [-122.437518, 38.356991], [-122.411993, 38.334012], [-122.40946, 38.321133], [-122.394917, 38.304479], [-122.403722, 38.299932], [-122.400156, 38.289675], [-122.404775, 38.282072], [-122.396491, 38.271287], [-122.388177, 38.274341], [-122.389836, 38.260878], [-122.373798, 38.243842], [-122.365306, 38.245986], [-122.364155, 38.215281], [-122.349564, 38.193972], [-122.360257, 38.197115], [-122.35737, 38.183958], [-122.369027, 38.181898], [-122.367561, 38.158792], [-122.406793, 38.15872], [-122.400006, 38.138588], [-122.443499, 38.116985], [-122.450928, 38.120344], [-122.44145, 38.134853], [-122.44478, 38.138345], [-122.498801216835, 38.111297326741], [-122.519019, 38.139742], [-122.54371, 38.158068], [-122.557138, 38.159578], [-122.55198, 38.169001], [-122.563193, 38.169318], [-122.570732, 38.187142], [-122.578201, 38.183583], [-122.592601, 38.188775], [-122.603505, 38.180852], [-122.63387, 38.178451], [-122.722995, 38.207132], [-122.7399, 38.207018], [-122.899933, 38.316793], [-122.909237, 38.314268], [-122.908105, 38.320752], [-122.920952, 38.316836], [-122.916601, 38.31321], [-122.921512, 38.308568], [-122.966124, 38.31697], [-122.971077, 38.309942], [-122.994753, 38.30619], [-122.994111, 38.299385], [-123.002787, 38.29571], [-123.024333, 38.310573], [-123.044674, 38.313175], [-123.058239, 38.298355], [-123.07977, 38.324076], [-123.074684, 38.322574], [-123.068437, 38.33521], [-123.068265, 38.359865], [-123.085572, 38.390525], [-123.096407, 38.393408], [-123.103706, 38.415541], [-123.12175, 38.430006], [-123.128825, 38.450418], [-123.202277, 38.494314], [-123.254914, 38.511982], [-123.268747, 38.529887], [-123.331899, 38.565542], [-123.340106, 38.572228], [-123.343338, 38.590008], [-123.368313, 38.603232], [-123.3676, 38.613447], [-123.390655, 38.631459], [-123.419657, 38.674677], [-123.434968, 38.681793], [-123.432636, 38.687314], [-123.441774, 38.699744], [-123.493292, 38.736512], [-123.514784, 38.741966], [-123.527359, 38.752363], [-123.533535, 38.768408]]]}}, {"type": "Feature", "properties": {"id": "Marin", "name": "Marin"}, "geometry": {"type": "MultiPolygon", "coordinates": [[[[-122.445149, 37.861416], [-122.430053, 37.872106], [-122.423193, 37.869288], [-122.418579, 37.853322], [-122.440829, 37.855399], [-122.445149, 37.861416]]], [[[-123.024066, 37.994878], [-123.011533, 38.003438], [-122.99242, 38.041758], [-122.949074, 38.15406], [-122.953629, 38.17567], [-122.967349, 38.182764], [-122.968112, 38.202428], [-122.995631, 38.238626], [-122.972776, 38.229645], [-122.968142, 38.253655], [-123.002911201262, 38.2957083549502], [-122.994111, 38.299385], [-122.994753, 38.30619], [-122.971077, 38.309942], [-122.966124, 38.31697], [-122.921512, 38.308568], [-122.916601, 38.31321], [-122.920952, 38.316836], [-122.908105, 38.320752], [-122.909237, 38.314268], [-122.899933, 38.316793], [-122.7399, 38.207018], [-122.722995, 38.207132], [-122.63387, 38.178451], [-122.603505, 38.180852], [-122.592601, 38.188775], [-122.578201, 38.183583], [-122.570732, 38.187142], [-122.563193, 38.169318], [-122.55198, 38.169001], [-122.557138, 38.159578], [-122.54371, 38.158068], [-122.519019, 38.139742], [-122.507926, 38.118098], [-122.486046, 38.101191], [-122.483757, 38.071762], [-122.499465, 38.032165], [-122.497828, 38.019402], [-122.462812, 38.003367], [-122.447304, 37.984387], [-122.456098, 37.979891], [-122.466556, 37.984762], [-122.477251, 37.971648], [-122.495553, 37.970523], [-122.479512, 37.942526], [-122.489848, 37.936602], [-122.50506, 37.942788], [-122.503064, 37.928753], [-122.475588, 37.916916], [-122.477014, 37.905665], [-122.448413, 37.89341], [-122.438293, 37.882368], [-122.449878, 37.872666], [-122.462479, 37.873297], [-122.459596, 37.862703], [-122.473661, 37.874929], [-122.472936, 37.884822], [-122.489026, 37.895647], [-122.504275, 37.894116], [-122.496503, 37.877342], [-122.500544, 37.874152], [-122.47844, 37.859517], [-122.472608, 37.832998], [-122.477778, 37.833385], [-122.479081, 37.825536], [-122.500006, 37.820911], [-122.520093, 37.82567], [-122.529585, 37.817684], [-122.561487, 37.851827], [-122.58182, 37.857041], [-122.60129, 37.875126], [-122.628714, 37.881693], [-122.641963, 37.897507], [-122.678474, 37.906604], [-122.70264, 37.89382], [-122.725181, 37.902691], [-122.736898, 37.925825], [-122.776476, 37.943772], [-122.797405, 37.976657], [-122.856573, 38.016717], [-122.939711, 38.031908], [-122.956811, 38.02872], [-122.981776, 38.009119], [-122.983034, 37.997406], [-122.963544, 37.989914], [-123.024066, 37.994878]]]]}}, {"type": "Feature", "properties": {"id": "Alameda", "name": "Alameda"}, "geometry": {"type": "Polygon", "coordinates": [[[-122.342253, 37.805558], [-122.317296, 37.816261], [-122.330369, 37.82058], [-122.296618, 37.828465], [-122.298044, 37.836349], [-122.315913, 37.836812], [-122.314195, 37.842311], [-122.299233, 37.840479], [-122.301372, 37.855493], [-122.308352, 37.862934], [-122.316944, 37.858809], [-122.325193, 37.874276], [-122.308502, 37.87088], [-122.326912, 37.892492], [-122.311101, 37.89043], [-122.313147550967, 37.8972880379388], [-122.288169, 37.897835], [-122.27108, 37.905824], [-122.256929, 37.899841], [-122.241971, 37.881927], [-122.22362, 37.878566], [-122.216372, 37.869075], [-122.221418, 37.865468], [-122.208898, 37.851941], [-122.185116, 37.837353], [-122.185577, 37.820726], [-122.166873, 37.813424], [-122.157392, 37.817952], [-122.140698, 37.804717], [-122.045473, 37.798126], [-121.997411, 37.76336], [-122.010771, 37.755127], [-122.011771, 37.747428], [-121.971938, 37.730324], [-121.96004, 37.718531], [-121.556997, 37.816488], [-121.556655, 37.542732], [-121.541833, 37.530215], [-121.501475, 37.525003], [-121.496017, 37.504938], [-121.482065, 37.501439], [-121.469214, 37.48936], [-121.47106, 37.483317], [-121.865267, 37.484637], [-121.880541, 37.4714], [-121.925041, 37.454186], [-121.944914, 37.469163], [-121.948126, 37.461845], [-121.974706, 37.46074], [-121.996471, 37.467039], [-122.049837, 37.466078], [-122.055541, 37.49523], [-122.10942, 37.500254], [-122.111998, 37.528851], [-122.147014, 37.588411], [-122.152993, 37.641923], [-122.167587, 37.677178], [-122.194092, 37.695515], [-122.204161, 37.711603], [-122.21248, 37.708971], [-122.214744, 37.699247], [-122.252172, 37.724952], [-122.248369, 37.727772], [-122.261679, 37.743373], [-122.243947, 37.751779], [-122.328024583922, 37.7813728248168], [-122.334168, 37.801272], [-122.342253, 37.805558]]]}}, {"type": "Feature", "properties": {"id": "Alpine", "name": "Alpine"}, "geometry": {"type": "Polygon", "coordinates": [[[-120.072392, 38.702767], [-119.964948, 38.775986], [-119.947927, 38.781642], [-119.939773, 38.79356], [-119.942108, 38.80311], [-119.92186, 38.820962], [-119.92271, 38.829955], [-119.908493, 38.834346], [-119.906312, 38.855505], [-119.880303, 38.864776], [-119.877898, 38.873581], [-119.88876, 38.878977], [-119.879516, 38.887021], [-119.884488, 38.894206], [-119.879864, 38.899419], [-119.88731, 38.917941], [-119.905399, 38.928337], [-119.904315, 38.933324], [-119.579476, 38.706653], [-119.599326, 38.670233], [-119.614658, 38.665879], [-119.621072, 38.614423], [-119.619066, 38.603529], [-119.595547, 38.590333], [-119.584298, 38.552018], [-119.570995, 38.541729], [-119.566871, 38.52527], [-119.556217, 38.516621], [-119.55751, 38.502138], [-119.542817, 38.499258], [-119.543442, 38.478446], [-119.557529, 38.466767], [-119.556426, 38.447465], [-119.570009, 38.43486], [-119.561995, 38.410734], [-119.583689, 38.396943], [-119.601212, 38.405354], [-119.622093, 38.393875], [-119.606565, 38.367827], [-119.635575, 38.353908], [-119.627908, 38.348051], [-119.639205, 38.32688], [-119.700029, 38.365215], [-119.694293, 38.385134], [-119.69848, 38.409293], [-119.708452, 38.417437], [-119.750644, 38.417391], [-119.770553, 38.406663], [-119.801648, 38.401395], [-119.814691, 38.387516], [-119.837551, 38.382411], [-119.884749, 38.356185], [-120.053578, 38.455554], [-120.072566, 38.447081], [-120.072392, 38.702767]]]}}, {"type": "Feature", "properties": {"id": "Placer", "name": "Placer"}, "geometry": {"type": "Polygon", "coordinates": [[[-121.48444, 38.751354], [-121.469803, 38.751939], [-121.469356, 38.925992], [-121.414399, 38.926214], [-121.414787, 38.998418], [-121.365643, 39.031743], [-121.353865, 39.031303], [-121.305992, 39.052943], [-121.290213, 39.03687], [-121.248971, 39.028671], [-121.240684, 39.021433], [-121.233248, 39.024748], [-121.221787, 39.011962], [-121.19864, 39.01748], [-121.186798, 39.012713], [-121.136706, 39.037706], [-121.104247, 39.01185], [-121.089318, 39.014286], [-121.068611, 39.00516], [-121.041608, 39.013791], [-121.030309, 39.036927], [-121.008303, 39.052055], [-121.002734, 39.067534], [-120.99215, 39.075406], [-120.996078, 39.080181], [-120.988951, 39.084495], [-120.989387, 39.111229], [-120.979315, 39.110402], [-120.965761, 39.128207], [-120.924503, 39.160849], [-120.908549, 39.163751], [-120.904831, 39.172737], [-120.868849, 39.180737], [-120.851713, 39.212033], [-120.804249, 39.233266], [-120.727893, 39.288081], [-120.69111, 39.304134], [-120.656064, 39.30816], [-120.645795, 39.315155], [-120.006315645404, 39.3164959768657], [-120.002461, 39.067489], [-120.143663, 39.067285], [-120.143598, 39.060198], [-120.153021, 39.060329], [-120.152976, 39.045807], [-120.164964, 39.045787], [-120.165028, 39.038485], [-120.18356, 39.038372], [-120.184098, 39.031014], [-120.240157, 39.030889], [-120.24041, 39.023668], [-120.43524, 39.028397], [-120.445213, 39.017595], [-120.4515, 38.987937], [-120.459638, 38.984999], [-120.470781, 38.965649], [-120.486122, 38.958837], [-120.493009, 38.943137], [-120.512346, 38.931191], [-120.54537, 38.926668], [-120.546095, 38.920697], [-120.564258, 38.913644], [-120.578858, 38.916592], [-120.58731, 38.93144], [-120.606943, 38.935246], [-120.611348, 38.942644], [-120.654399, 38.948356], [-120.683676, 38.967757], [-120.684593, 38.989216], [-120.704449, 38.981203], [-120.729575, 39.004025], [-120.748463, 39.003593], [-120.746395, 39.010352], [-120.762747, 39.006584], [-120.761398, 39.001932], [-120.768336, 39.009175], [-120.798103, 38.996051], [-120.812295, 39.000133], [-120.828357, 38.989792], [-120.834163, 38.971866], [-120.849386, 38.976809], [-120.855422, 38.968098], [-120.852101, 38.959545], [-120.859863, 38.951653], [-120.887924, 38.959732], [-120.902107, 38.953155], [-120.93823, 38.963299], [-120.938301, 38.935826], [-120.957767, 38.939108], [-120.991968, 38.927225], [-120.999542, 38.918163], [-121.039935, 38.91586], [-121.052911, 38.900144], [-121.044191, 38.890618], [-121.061696, 38.882651], [-121.053263, 38.868347], [-121.061806, 38.859916], [-121.058408, 38.847129], [-121.087341, 38.833274], [-121.084482, 38.816442], [-121.101428, 38.815282], [-121.101197, 38.789972], [-121.118579, 38.768937], [-121.117689, 38.756446], [-121.133295, 38.731455], [-121.134507, 38.712032], [-121.484396, 38.734598], [-121.48444, 38.751354]]]}}, {"type": "Feature", "properties": {"id": "Nevada", "name": "Nevada"}, "geometry": {"type": "Polygon", "coordinates": [[[-121.279533, 39.034618], [-121.27953, 39.230537], [-121.268787, 39.24025], [-121.269301, 39.252123], [-121.259182, 39.256421], [-121.266911, 39.271609], [-121.240146, 39.283997], [-121.219853, 39.283076], [-121.200146, 39.302375], [-121.206352, 39.316469], [-121.195619, 39.329582], [-121.184528, 39.330845], [-121.178977, 39.33856], [-121.157533, 39.332467], [-121.154766, 39.348605], [-121.143799, 39.349655], [-121.136847, 39.368074], [-121.127136, 39.372568], [-121.128007, 39.379752], [-121.1008, 39.381432], [-121.096367, 39.387694], [-121.087388, 39.386181], [-121.083397, 39.394522], [-121.063091, 39.390948], [-121.052213, 39.395644], [-121.041531, 39.38816], [-121.032158, 39.395731], [-121.024518, 39.389257], [-121.007365, 39.39969], [-121.015537, 39.40501], [-120.992273, 39.414396], [-120.979349, 39.411839], [-120.978334, 39.417872], [-120.931983, 39.417125], [-120.83707, 39.440419], [-120.826357, 39.435039], [-120.816794, 39.44081], [-120.799996, 39.437674], [-120.784241, 39.448038], [-120.75624, 39.452474], [-120.742492, 39.461276], [-120.74282, 39.467283], [-120.714568, 39.48161], [-120.717123, 39.488805], [-120.700804, 39.502583], [-120.655217, 39.526699], [-120.624645, 39.519547], [-120.577348, 39.523192], [-120.560823, 39.516207], [-120.54908, 39.49447], [-120.534429, 39.483765], [-120.534377, 39.464653], [-120.510412, 39.455282], [-120.505445, 39.446117], [-120.003871869173, 39.445057041725], [-120.006315645404, 39.3164959768657], [-120.645795, 39.315155], [-120.656064, 39.30816], [-120.671433, 39.310371], [-120.702347, 39.299824], [-120.727893, 39.288081], [-120.804249, 39.233266], [-120.851713, 39.212033], [-120.868849, 39.180737], [-120.904831, 39.172737], [-120.908549, 39.163751], [-120.924503, 39.160849], [-120.965761, 39.128207], [-120.979315, 39.110402], [-120.988717, 39.111777], [-120.988951, 39.084495], [-120.995853, 39.081], [-120.99215, 39.075406], [-121.002734, 39.067534], [-121.008303, 39.052055], [-121.030309, 39.036927], [-121.038059, 39.015959], [-121.068611, 39.00516], [-121.089318, 39.014286], [-121.105132, 39.012117], [-121.136706, 39.037706], [-121.186798, 39.012713], [-121.19864, 39.01748], [-121.205915, 39.011851], [-121.221787, 39.011962], [-121.233248, 39.024748], [-121.240684, 39.021433], [-121.248971, 39.028671], [-121.279533, 39.034618]]]}}, {"type": "Feature", "properties": {"id": "Yolo", "name": "Yolo"}, "geometry": {"type": "Polygon", "coordinates": [[[-122.421488, 38.90233], [-122.403941, 38.925289], [-121.835488, 38.924481], [-121.804805, 38.914521], [-121.815254, 38.91121], [-121.791077, 38.903323], [-121.803989, 38.90172], [-121.806773, 38.890315], [-121.817237, 38.882874], [-121.814814, 38.876582], [-121.801726, 38.864282], [-121.786667, 38.863695], [-121.784265, 38.856685], [-121.758084, 38.862611], [-121.758696, 38.868708], [-121.748624, 38.871318], [-121.728529, 38.857269], [-121.72354, 38.852292], [-121.730772, 38.836349], [-121.723414, 38.825617], [-121.723346, 38.803759], [-121.701251, 38.803028], [-121.690671, 38.795627], [-121.686439, 38.77536], [-121.69269, 38.768312], [-121.670018, 38.75931], [-121.677521, 38.749275], [-121.674502, 38.743692], [-121.667081, 38.755035], [-121.658457, 38.75527], [-121.66221, 38.769824], [-121.652377, 38.764547], [-121.639015, 38.767704], [-121.645261, 38.773994], [-121.633423, 38.768482], [-121.628984, 38.784383], [-121.604862, 38.779356], [-121.595374, 38.768268], [-121.593406, 38.753985], [-121.605774, 38.718319], [-121.631902, 38.695843], [-121.631918, 38.680644], [-121.594069, 38.644106], [-121.566868, 38.645104], [-121.558268, 38.608204], [-121.549869, 38.599405], [-121.515766, 38.602704], [-121.506275, 38.586288], [-121.520965, 38.566205], [-121.51129, 38.54629], [-121.530976, 38.52897], [-121.5255, 38.518777], [-121.551782, 38.513861], [-121.559036, 38.499592], [-121.542717, 38.476447], [-121.511882, 38.473673], [-121.504139, 38.466563], [-121.503847, 38.439614], [-121.5326, 38.43146], [-121.513481, 38.399942], [-121.514265, 38.388326], [-121.524258, 38.378981], [-121.521641, 38.360104], [-121.536913, 38.347785], [-121.559353, 38.342567], [-121.575216, 38.327161], [-121.583954, 38.331652], [-121.593273, 38.313089], [-121.693697, 38.313732], [-121.694677, 38.527054], [-121.712034, 38.537962], [-121.738594, 38.537704], [-121.7651, 38.525856], [-121.771403, 38.532345], [-121.785811, 38.523074], [-121.86012, 38.538512], [-121.885882, 38.53876], [-121.908969, 38.529576], [-121.940285, 38.533384], [-122.013377, 38.488721], [-122.035566, 38.496122], [-122.057415, 38.517441], [-122.104128, 38.513362], [-122.112869, 38.526811], [-122.134387, 38.604634], [-122.14903, 38.625195], [-122.16646, 38.619662], [-122.168703, 38.629866], [-122.159174, 38.635113], [-122.164407, 38.652778], [-122.190437, 38.663829], [-122.202112, 38.677744], [-122.201351, 38.690659], [-122.222212, 38.698744], [-122.2254, 38.727799], [-122.247778, 38.75358], [-122.254315, 38.781192], [-122.287655, 38.839975], [-122.315576, 38.839674], [-122.324047, 38.846252], [-122.35072, 38.835867], [-122.372734, 38.845235], [-122.39223, 38.858768], [-122.390816, 38.867963], [-122.421488, 38.90233]]]}}, {"type": "Feature", "properties": {"id": "Fresno", "name": "Fresno"}, "geometry": {"type": "Polygon", "coordinates": [[[-120.918731, 36.740381], [-120.65595, 36.952832], [-120.590566, 36.952641], [-120.585407, 36.991248], [-120.598564, 36.99863], [-120.541696, 37.044505], [-120.537849, 37.034087], [-120.544566, 37.026085], [-120.502812, 37.00041], [-120.499519, 36.981966], [-120.484139, 36.972399], [-120.489132, 36.966823], [-120.478317, 36.955233], [-120.47562, 36.939992], [-120.457226, 36.923874], [-120.461947, 36.916859], [-120.450825, 36.913471], [-120.455996, 36.905384], [-120.463362, 36.905646], [-120.466752, 36.892193], [-120.453666, 36.88079], [-120.459202, 36.876097], [-120.45026, 36.871033], [-120.455493, 36.861946], [-120.439491, 36.855708], [-120.440504, 36.850201], [-120.432772, 36.849933], [-120.426631, 36.840111], [-120.417095, 36.835626], [-120.410444, 36.840005], [-120.40071, 36.82241], [-120.38903, 36.824441], [-120.37751, 36.809146], [-120.369612, 36.810355], [-120.371551, 36.785836], [-120.345124, 36.785049], [-120.35095, 36.795436], [-120.346623, 36.797655], [-120.342987, 36.79093], [-120.334194, 36.790988], [-120.334614, 36.782884], [-120.324216, 36.786304], [-120.321722, 36.777697], [-120.301345, 36.778192], [-120.306058, 36.770265], [-120.293171, 36.772233], [-120.290594, 36.763047], [-120.286488, 36.77333], [-120.280883, 36.766742], [-120.274575, 36.773984], [-120.229499, 36.769308], [-120.233263, 36.781057], [-120.207076, 36.790905], [-120.18883, 36.776408], [-120.172198, 36.803096], [-120.156935, 36.798192], [-120.079458, 36.825345], [-120.070733, 36.818621], [-120.056128, 36.822858], [-120.028143, 36.814485], [-120.013334, 36.828228], [-119.992389, 36.828946], [-119.984651, 36.840841], [-119.970539, 36.832866], [-119.943507, 36.83403], [-119.929251, 36.847889], [-119.912132, 36.845373], [-119.88873, 36.852393], [-119.886179, 36.859199], [-119.853182, 36.851583], [-119.84066, 36.86124], [-119.834785, 36.852525], [-119.813832, 36.850208], [-119.812076, 36.863759], [-119.786114, 36.87889], [-119.789312, 36.896708], [-119.772737, 36.918599], [-119.7546, 36.922705], [-119.752532, 36.935223], [-119.733767, 36.946441], [-119.743254, 36.954631], [-119.7405, 36.970212], [-119.698075, 37.008748], [-119.658611, 37.01333], [-119.659377, 37.038938], [-119.651604, 37.042961], [-119.639349, 37.043287], [-119.629033, 37.034619], [-119.635371, 37.021545], [-119.620416, 37.027341], [-119.604908, 37.071016], [-119.561432, 37.065485], [-119.559002, 37.088058], [-119.542292, 37.095417], [-119.537677, 37.104019], [-119.548754, 37.116756], [-119.568566, 37.116689], [-119.561592, 37.14219], [-119.547893, 37.143611], [-119.525484, 37.128203], [-119.517702, 37.146376], [-119.506733, 37.150554], [-119.488923, 37.13639], [-119.491315, 37.119712], [-119.474807, 37.109963], [-119.466252, 37.119596], [-119.462634, 37.144211], [-119.434875, 37.146954], [-119.432125, 37.162571], [-119.408655, 37.161218], [-119.399787, 37.149835], [-119.388848, 37.149215], [-119.375029, 37.157875], [-119.374639, 37.164349], [-119.361762, 37.167998], [-119.360565, 37.180539], [-119.341186, 37.190865], [-119.329428, 37.209997], [-119.337788, 37.21916], [-119.322235, 37.253794], [-119.332027, 37.273588], [-119.326866, 37.290748], [-119.335266, 37.311761], [-119.31626, 37.323982], [-119.325774, 37.335417], [-119.312226, 37.339706], [-119.312186, 37.352725], [-119.022363, 37.585737], [-119.002262, 37.571137], [-118.984861, 37.567337], [-118.97696, 37.556837], [-118.952661, 37.565836], [-118.92966, 37.548936], [-118.917158, 37.550336], [-118.901859, 37.526036], [-118.891059, 37.525336], [-118.881658, 37.510336], [-118.860758, 37.501535], [-118.856049, 37.478395], [-118.795839, 37.488372], [-118.773305, 37.459459], [-118.763287, 37.456537], [-118.760175, 37.433632], [-118.769272, 37.422173], [-118.779757, 37.421678], [-118.790031, 37.394032], [-118.768148, 37.361178], [-118.781513, 37.356416], [-118.786736, 37.34338], [-118.740026, 37.315237], [-118.716016, 37.328208], [-118.665332, 37.261917], [-118.683745, 37.244369], [-118.686424, 37.227575], [-118.675568, 37.213777], [-118.681349, 37.204438], [-118.666755, 37.190031], [-118.66424, 37.178145], [-118.672648, 37.167343], [-118.667447, 37.155443], [-118.643521, 37.138022], [-118.613672, 37.143001], [-118.592661, 37.138147], [-118.583087, 37.122398], [-118.569029, 37.1226], [-118.564104, 37.113208], [-118.530932, 37.11118], [-118.522127, 37.098354], [-118.503103, 37.095221], [-118.467332, 37.066745], [-118.448956, 37.069139], [-118.441286, 37.063855], [-118.434927, 37.050881], [-118.441686, 37.045718], [-118.439221, 37.038997], [-118.42276, 37.025805], [-118.427981, 37.011235], [-118.412248, 36.998357], [-118.419533, 36.987435], [-118.404433, 36.972035], [-118.404733, 36.957535], [-118.396632, 36.957335], [-118.388432, 36.945534], [-118.360831, 36.887734], [-118.370179, 36.871688], [-118.362223, 36.861359], [-118.362169, 36.844002], [-118.393724, 36.829668], [-118.374225, 36.800517], [-118.38023, 36.782234], [-118.36933, 36.750334], [-118.360586, 36.744773], [-118.555487, 36.744746], [-118.555031, 36.739138], [-118.982441, 36.741646], [-118.984779, 36.657147], [-119.304625, 36.660606], [-119.305102, 36.573725], [-119.466322, 36.575238], [-119.66692, 36.418728], [-119.671493, 36.431074], [-119.747117, 36.416387], [-119.753114, 36.401894], [-119.959227, 36.400975], [-119.958916, 36.181414], [-120.318719, 35.906914], [-120.332289, 35.915523], [-120.335883, 35.93709], [-120.356513, 35.948057], [-120.360402, 35.964418], [-120.394005, 35.967873], [-120.408543, 35.975962], [-120.433053, 35.968933], [-120.4497, 35.988432], [-120.477391, 36.000824], [-120.480447, 36.011296], [-120.517568, 36.027544], [-120.520009, 36.020885], [-120.529796, 36.024281], [-120.526994, 36.035709], [-120.540409, 36.036664], [-120.545408, 36.046123], [-120.587608, 36.066604], [-120.596029, 36.077785], [-120.589796, 36.089605], [-120.600607, 36.101587], [-120.608019, 36.102697], [-120.61516, 36.095161], [-120.648784, 36.10799], [-120.645423, 36.116199], [-120.667551, 36.138057], [-120.664705, 36.147273], [-120.671945, 36.164287], [-120.663057, 36.171158], [-120.649688, 36.168224], [-120.651984, 36.174089], [-120.639213, 36.196467], [-120.62691, 36.203227], [-120.651408, 36.230247], [-120.679741, 36.246665], [-120.68177, 36.251382], [-120.672955, 36.257679], [-120.680425, 36.267064], [-120.672622, 36.280489], [-120.682885, 36.286796], [-120.682723, 36.294441], [-120.658806, 36.316235], [-120.617915, 36.318817], [-120.596562, 36.328488], [-120.597155, 36.488235], [-120.603706, 36.488242], [-120.918731, 36.740381]]]}}, {"type": "Feature", "properties": {"id": "Trinity", "name": "Trinity"}, "geometry": {"type": "Polygon", "coordinates": [[[-123.622387, 40.931703], [-123.587861, 40.927755], [-123.56766, 40.936556], [-123.569961, 40.946555], [-123.560163, 40.950257], [-123.54116, 40.939656], [-123.540959, 40.932256], [-123.529759, 40.934856], [-123.511758, 40.920357], [-123.481457, 40.914957], [-123.467656, 40.938159], [-123.447956, 40.943758], [-123.444859, 40.956158], [-123.453258, 40.964153], [-123.437359, 40.972656], [-123.420059, 41.009674], [-123.40604, 41.012897], [-123.407218, 41.030619], [-123.419966, 41.035139], [-123.423272, 41.058157], [-123.457942, 41.068215], [-123.464006, 41.076348], [-123.458574, 41.08241], [-123.464222, 41.094408], [-123.446328, 41.088874], [-123.439806, 41.092541], [-123.429251, 41.118], [-123.433027, 41.160578], [-123.410365, 41.170706], [-123.408291, 41.179944], [-123.393507, 41.170716], [-123.392726, 41.161208], [-123.381192, 41.15129], [-123.353237, 41.163054], [-123.329615, 41.151664], [-123.324952, 41.141547], [-123.295065, 41.14065], [-123.283939, 41.123453], [-123.273402, 41.122891], [-123.257174, 41.091947], [-123.23948, 41.075763], [-123.109333, 41.075459], [-123.095869, 41.059169], [-123.055385, 41.046721], [-123.037118, 41.004176], [-122.980131, 41.014314], [-122.952018, 41.006393], [-122.940531, 40.992298], [-122.917529, 40.99399], [-122.897363, 41.02918], [-122.923328, 41.071952], [-122.953183, 41.074277], [-122.97097, 41.09016], [-122.969184, 41.103762], [-122.974237, 41.109625], [-122.959934, 41.123992], [-122.965341, 41.138307], [-122.95174, 41.151045], [-122.961347, 41.181525], [-122.951317, 41.185578], [-122.929171, 41.178691], [-122.924839, 41.186665], [-122.886742, 41.204941], [-122.843941, 41.200224], [-122.825175, 41.21003], [-122.802109, 41.203048], [-122.781207, 41.218173], [-122.777012, 41.230841], [-122.725295, 41.247466], [-122.724601, 41.261075], [-122.711957, 41.27479], [-122.679068, 41.278969], [-122.663488, 41.291644], [-122.652876, 41.289735], [-122.64558, 41.304734], [-122.647683, 41.322343], [-122.642128, 41.326608], [-122.627473, 41.332026], [-122.590808, 41.32591], [-122.581022, 41.33767], [-122.585241, 41.359008], [-122.572326, 41.368025], [-122.55169, 41.361702], [-122.535818, 41.341523], [-122.50389, 41.342985], [-122.502542, 41.332944], [-122.478771, 41.320085], [-122.50192, 41.309113], [-122.499223, 41.292049], [-122.51333, 41.28368], [-122.513943, 41.255215], [-122.508247, 41.245288], [-122.517458, 41.239783], [-122.512261, 41.226452], [-122.522636, 41.213525], [-122.495018, 41.192438], [-122.497735, 41.178572], [-122.477764, 41.177164], [-122.446023, 41.159241], [-122.451864, 41.108235], [-122.457144, 41.096611], [-122.493297, 41.085987], [-122.513354, 41.088227], [-122.539775, 41.072605], [-122.537942, 41.065042], [-122.523166, 41.059208], [-122.527753, 41.014395], [-122.537877, 41.002384], [-122.55449, 41.003622], [-122.569181, 40.984988], [-122.589188, 40.985378], [-122.591375, 40.976677], [-122.598528, 40.975847], [-122.607097, 40.958109], [-122.603189, 40.94062], [-122.612751, 40.921245], [-122.600013, 40.900343], [-122.610197, 40.884357], [-122.625038, 40.879693], [-122.639531, 40.845252], [-122.6554, 40.841548], [-122.665849, 40.826106], [-122.655244, 40.808178], [-122.661219, 40.80073], [-122.658204, 40.787646], [-122.673533, 40.770953], [-122.717407, 40.747182], [-122.719852, 40.739372], [-122.706712, 40.725674], [-122.722358, 40.695473], [-122.752266, 40.689642], [-122.727281, 40.651008], [-122.736338, 40.636666], [-122.71003, 40.631525], [-122.71063, 40.612549], [-122.693075, 40.575338], [-122.69879, 40.569293], [-122.722178, 40.575326], [-122.741312, 40.564118], [-122.743923, 40.553798], [-122.767455, 40.555173], [-122.785194, 40.540916], [-122.782224, 40.531871], [-122.79362, 40.523434], [-122.793252, 40.514518], [-122.845954, 40.505181], [-122.852079, 40.500955], [-122.846448, 40.493523], [-122.851032, 40.485917], [-122.883643, 40.474773], [-122.901085, 40.445642], [-122.927929, 40.447134], [-122.938618, 40.428858], [-122.953297, 40.421975], [-122.961289, 40.425966], [-122.998248, 40.418208], [-122.996579, 40.396381], [-123.016393, 40.385593], [-123.018296, 40.372407], [-123.040152, 40.361719], [-123.04397, 40.347013], [-123.065552, 40.344813], [-123.068789, 40.332233], [-123.062177, 40.312561], [-123.068631, 40.304726], [-123.061241, 40.277764], [-123.044232, 40.264174], [-123.01858, 40.262783], [-122.97755, 40.241285], [-122.980027, 40.214708], [-122.970064, 40.186306], [-122.983937, 40.171984], [-122.989407, 40.144906], [-122.968568, 40.139033], [-122.973657, 40.130025], [-122.961441, 40.089754], [-122.973222, 40.077553], [-122.950914, 40.055914], [-122.94976, 40.032101], [-122.956378, 40.01994], [-122.949448, 40.012127], [-122.952025, 39.999875], [-122.938027, 39.98998], [-122.934013, 39.978131], [-123.544563, 39.977015], [-123.543102, 40.734014], [-123.554199, 40.759735], [-123.549865, 40.775808], [-123.560033, 40.790269], [-123.566253, 40.78881], [-123.565626, 40.796364], [-123.554292, 40.795541], [-123.556215, 40.808817], [-123.568687, 40.820304], [-123.55985, 40.829584], [-123.566243, 40.834978], [-123.563059, 40.840417], [-123.573867, 40.844687], [-123.575841, 40.857994], [-123.587716, 40.858784], [-123.580226, 40.867461], [-123.591461, 40.867549], [-123.597997, 40.877615], [-123.610051, 40.879182], [-123.597588, 40.885231], [-123.608594, 40.895375], [-123.606087, 40.90479], [-123.622387, 40.931703]]]}}, {"type": "Feature", "properties": {"id": "Shasta", "name": "Shasta"}, "geometry": {"type": "Polygon", "coordinates": [[[-123.068838, 40.308255], [-123.062177, 40.312561], [-123.068789, 40.332233], [-123.065552, 40.344813], [-123.04397, 40.347013], [-123.040152, 40.361719], [-123.018296, 40.372407], [-123.016393, 40.385593], [-122.996579, 40.396381], [-122.998248, 40.418208], [-122.961289, 40.425966], [-122.953297, 40.421975], [-122.938618, 40.428858], [-122.927929, 40.447134], [-122.901085, 40.445642], [-122.883643, 40.474773], [-122.851032, 40.485917], [-122.846448, 40.493523], [-122.852079, 40.500955], [-122.845954, 40.505181], [-122.793252, 40.514518], [-122.79362, 40.523434], [-122.782224, 40.531871], [-122.785194, 40.540916], [-122.767455, 40.555173], [-122.743923, 40.553798], [-122.741312, 40.564118], [-122.722178, 40.575326], [-122.69879, 40.569293], [-122.693075, 40.575338], [-122.71063, 40.612549], [-122.71003, 40.631525], [-122.736338, 40.636666], [-122.727281, 40.651008], [-122.752266, 40.689642], [-122.722358, 40.695473], [-122.706712, 40.725674], [-122.719852, 40.739372], [-122.717407, 40.747182], [-122.673533, 40.770953], [-122.658204, 40.787646], [-122.661219, 40.80073], [-122.655244, 40.808178], [-122.665849, 40.826106], [-122.6554, 40.841548], [-122.639531, 40.845252], [-122.625038, 40.879693], [-122.610197, 40.884357], [-122.600013, 40.900343], [-122.612751, 40.921245], [-122.603189, 40.94062], [-122.607097, 40.958109], [-122.598528, 40.975847], [-122.591375, 40.976677], [-122.589188, 40.985378], [-122.569181, 40.984988], [-122.55449, 41.003622], [-122.537877, 41.002384], [-122.527753, 41.014395], [-122.523166, 41.059208], [-122.537942, 41.065042], [-122.539775, 41.072605], [-122.513354, 41.088227], [-122.493297, 41.085987], [-122.457144, 41.096611], [-122.448572, 41.11824], [-122.446023, 41.159241], [-122.498376, 41.182675], [-121.331786, 41.183886], [-121.332338, 40.905394], [-121.319976, 40.905886], [-121.327826, 40.445367], [-121.346531, 40.449715], [-121.565132, 40.445797], [-121.593086, 40.431126], [-121.614047, 40.43908], [-121.64667, 40.434966], [-121.685877, 40.45313], [-121.720056, 40.448472], [-121.734692, 40.435638], [-121.806539, 40.44495], [-121.830789, 40.437656], [-121.851789, 40.442459], [-121.879989, 40.435958], [-121.900709, 40.420986], [-121.914151, 40.426058], [-121.941146, 40.415363], [-122.010316, 40.426558], [-122.031001, 40.417349], [-122.05252, 40.420243], [-122.095524, 40.410023], [-122.099048, 40.414757], [-122.11069, 40.405666], [-122.128964, 40.403825], [-122.129395, 40.398763], [-122.188477, 40.387485], [-122.172913, 40.379159], [-122.187331, 40.381401], [-122.193557, 40.392311], [-122.199173, 40.377943], [-122.227155, 40.38931], [-122.280852, 40.375787], [-122.293237, 40.380389], [-122.310412, 40.371064], [-122.394936, 40.372062], [-122.417853, 40.379678], [-122.445021, 40.373398], [-122.452922, 40.378512], [-122.463095, 40.375741], [-122.470489, 40.383932], [-122.499065, 40.382295], [-122.524566, 40.394477], [-122.522026, 40.38784], [-122.532205, 40.379811], [-122.551026, 40.378122], [-122.56398, 40.365594], [-122.581303, 40.367332], [-122.585848, 40.359277], [-122.610158, 40.346409], [-122.625441, 40.347134], [-122.621906, 40.340385], [-122.651341, 40.328288], [-122.674212, 40.330628], [-122.709853, 40.348202], [-122.731895, 40.347091], [-122.730474, 40.358499], [-122.745758, 40.365632], [-122.854382, 40.34305], [-122.872769, 40.348848], [-122.919211, 40.306577], [-122.935165, 40.313202], [-122.949807, 40.308033], [-122.976871, 40.315145], [-123.025233, 40.303661], [-123.056668, 40.285375], [-123.065426, 40.286971], [-123.068838, 40.308255]]]}}, {"type": "Feature", "properties": {"id": "Yuba", "name": "Yuba"}, "geometry": {"type": "Polygon", "coordinates": [[[-121.627712, 39.2286], [-121.635458, 39.262146], [-121.621399, 39.26394], [-121.632302, 39.270383], [-121.62229, 39.273349], [-121.63156, 39.291758], [-121.624167, 39.293408], [-121.611177, 39.31928], [-121.594183, 39.307835], [-121.576029, 39.310838], [-121.56314, 39.305006], [-121.530545, 39.318256], [-121.497901, 39.314208], [-121.483567, 39.31834], [-121.484557, 39.324889], [-121.474964, 39.333341], [-121.447014, 39.330568], [-121.407527, 39.339754], [-121.403218, 39.349567], [-121.372901, 39.36459], [-121.36008, 39.398719], [-121.363493, 39.403297], [-121.334071, 39.425802], [-121.345338, 39.438923], [-121.345139, 39.452567], [-121.33842, 39.454381], [-121.338264, 39.465031], [-121.314787, 39.475899], [-121.31498, 39.486961], [-121.305425, 39.497816], [-121.305122, 39.519585], [-121.240242, 39.513091], [-121.240483, 39.526613], [-121.210022, 39.52722], [-121.159296, 39.519595], [-121.158978, 39.526131], [-121.149907, 39.526446], [-121.149898, 39.555289], [-121.140885, 39.55555], [-121.141213, 39.562278], [-121.10697, 39.567191], [-121.107465, 39.585275], [-121.079543, 39.585263], [-121.076695, 39.597264], [-121.009477, 39.639459], [-121.024383, 39.559049], [-121.058203, 39.537043], [-121.049461, 39.51781], [-121.0344, 39.514436], [-121.022085, 39.391558], [-121.035293, 39.395396], [-121.041531, 39.38816], [-121.052213, 39.395644], [-121.063091, 39.390948], [-121.083397, 39.394522], [-121.087388, 39.386181], [-121.096367, 39.387694], [-121.1008, 39.381432], [-121.128007, 39.379752], [-121.127136, 39.372568], [-121.136847, 39.368074], [-121.143799, 39.349655], [-121.154766, 39.348605], [-121.157533, 39.332467], [-121.178977, 39.33856], [-121.184528, 39.330845], [-121.195619, 39.329582], [-121.206352, 39.316469], [-121.200146, 39.302375], [-121.219853, 39.283076], [-121.240146, 39.283997], [-121.266132, 39.272717], [-121.259182, 39.256421], [-121.269301, 39.252123], [-121.268787, 39.24025], [-121.27953, 39.230537], [-121.279533, 39.034618], [-121.311552, 39.051993], [-121.353865, 39.031303], [-121.365643, 39.031743], [-121.414779, 38.996452], [-121.443826, 38.993325], [-121.459463, 38.997839], [-121.489646, 38.99205], [-121.49369, 38.984302], [-121.509029, 38.982791], [-121.524653, 38.971473], [-121.543306, 38.972404], [-121.553518, 38.953755], [-121.56147, 38.953437], [-121.571297, 38.938918], [-121.575459, 38.918393], [-121.581557, 38.928611], [-121.577961, 38.946771], [-121.589399, 38.990344], [-121.57933, 39.007573], [-121.600036, 39.012106], [-121.594618, 39.023708], [-121.605634, 39.032628], [-121.61025, 39.056907], [-121.58591, 39.089691], [-121.587388, 39.101614], [-121.602678, 39.100158], [-121.60463, 39.112763], [-121.597676, 39.127792], [-121.615614, 39.167824], [-121.611159, 39.175706], [-121.618361, 39.183412], [-121.613121, 39.190617], [-121.629089, 39.204678], [-121.614296, 39.213113], [-121.614307, 39.228745], [-121.627712, 39.2286]]]}}, {"type": "Feature", "properties": {"id": "Colusa", "name": "Colusa"}, "geometry": {"type": "Polygon", "coordinates": [[[-122.78509, 39.382975], [-122.136006, 39.385494], [-122.136161, 39.414499], [-122.008857, 39.413567], [-122.003828, 39.396994], [-122.009735, 39.383864], [-121.890013, 39.383864], [-121.88387, 39.373926], [-121.898608, 39.357905], [-121.894389, 39.341085], [-121.90461, 39.325864], [-121.907636, 39.303119], [-121.946821, 39.249842], [-121.948177, 39.240387], [-121.928332, 39.198729], [-121.945514, 39.179843], [-121.917214, 39.147278], [-121.920541, 39.141338], [-121.937763, 39.143984], [-121.939172, 39.136145], [-121.922086, 39.122632], [-121.911095, 39.123147], [-121.912739, 39.113545], [-121.905535, 39.114766], [-121.905834, 39.103087], [-121.894369, 39.096126], [-121.889101, 39.072373], [-121.869817, 39.06686], [-121.849389, 39.071401], [-121.838545, 39.06413], [-121.838744, 39.045091], [-121.822715, 39.028604], [-121.826806, 39.011788], [-121.795366, 38.995686], [-121.81951, 38.988279], [-121.821622, 38.974503], [-121.834566, 38.968152], [-121.832166, 38.960216], [-121.840374, 38.95452], [-121.830134, 38.938425], [-121.835488, 38.924481], [-122.340172, 38.924246], [-122.409214, 38.963001], [-122.407022, 38.971417], [-122.416766, 38.978249], [-122.41931, 38.989177], [-122.408707, 39.007354], [-122.409983, 39.017517], [-122.43729, 39.021357], [-122.467331, 39.042966], [-122.467243, 39.048921], [-122.492023, 39.053503], [-122.490849, 39.064787], [-122.483879, 39.066955], [-122.490231, 39.073677], [-122.486205, 39.086054], [-122.500909, 39.121075], [-122.496835, 39.140501], [-122.480796, 39.138401], [-122.474541, 39.144699], [-122.482574, 39.162927], [-122.47729, 39.17395], [-122.491839, 39.175293], [-122.498538, 39.191091], [-122.508405, 39.190321], [-122.515331, 39.209215], [-122.534993, 39.211595], [-122.567215, 39.203701], [-122.623013, 39.223212], [-122.650138, 39.213922], [-122.679729, 39.22453], [-122.675838, 39.230087], [-122.691361, 39.247431], [-122.712454, 39.25701], [-122.728636, 39.273283], [-122.758114, 39.28538], [-122.758226, 39.293947], [-122.77547, 39.315182], [-122.76531, 39.342743], [-122.752097, 39.346349], [-122.742212, 39.365293], [-122.75995, 39.37813], [-122.774199, 39.374883], [-122.78509, 39.382975]]]}}, {"type": "Feature", "properties": {"id": "Riverside", "name": "Riverside"}, "geometry": {"type": "Polygon", "coordinates": [[[-117.676286, 33.888815], [-117.654885, 33.888815], [-117.655386, 33.925114], [-117.610947, 33.925114], [-117.610943, 33.971807], [-117.558377, 33.98842], [-117.558312, 34.033451], [-117.375344, 34.033875], [-117.375416, 34.019399], [-117.225533, 34.017966], [-117.225373, 34.004189], [-116.929537, 34.004914], [-116.929558, 34.034113], [-115.316212, 34.03411], [-115.316065, 34.077843], [-114.435429, 34.079727], [-114.438266, 34.022609], [-114.450206, 34.012574], [-114.465867, 34.010987], [-114.46012, 33.993888], [-114.467932, 33.992877], [-114.499883, 33.961789], [-114.522002, 33.955623], [-114.535478, 33.934651], [-114.534572, 33.925379], [-114.518434, 33.917518], [-114.50792, 33.903807], [-114.513715, 33.897959], [-114.525872, 33.901008], [-114.503017, 33.867998], [-114.530607, 33.85544], [-114.51997, 33.825381], [-114.52805, 33.814963], [-114.504863, 33.760465], [-114.512348, 33.734214], [-114.496565, 33.719155], [-114.494197, 33.707922], [-114.496489, 33.696901], [-114.523959, 33.685879], [-114.531523, 33.675108], [-114.530267, 33.666821], [-114.514057, 33.660179], [-114.533194, 33.65166], [-114.523802, 33.6347], [-114.531215, 33.623913], [-114.522071, 33.611277], [-114.540617, 33.591412], [-114.535965, 33.569154], [-114.524599, 33.552231], [-114.558898, 33.531819], [-114.560963, 33.516739], [-114.569533, 33.509219], [-114.591554, 33.499443], [-114.622918, 33.456561], [-114.627125, 33.433554], [-116.085165, 33.425932], [-117.241271, 33.431993], [-117.241668, 33.448928], [-117.370925, 33.490549], [-117.364272, 33.505025], [-117.509722, 33.505019], [-117.503181, 33.520405], [-117.509909, 33.520546], [-117.51021, 33.533999], [-117.413314, 33.659302], [-117.474573, 33.703811], [-117.533999, 33.710355], [-117.536448, 33.757665], [-117.580136, 33.767988], [-117.662117, 33.857499], [-117.674282, 33.857956], [-117.668816, 33.880549], [-117.676286, 33.888815]]]}}, {"type": "Feature", "properties": {"id": "Contra Costa", "name": "Contra Costa"}, "geometry": {"type": "Polygon", "coordinates": [[[-122.42976, 37.965405], [-122.41265, 37.963285], [-122.402906, 37.954852], [-122.395538, 37.959912], [-122.401004, 37.968532], [-122.367582, 37.978168], [-122.361905, 37.989991], [-122.367909, 38.01253], [-122.332552, 38.001502], [-122.315439, 38.011615], [-122.300823, 38.010893], [-122.262861, 38.0446], [-122.269666188168, 38.0603362895779], [-122.244106, 38.063795], [-122.183863, 38.053997], [-122.164577, 38.034721], [-122.146866, 38.031727], [-122.061103, 38.062137], [-122.028411, 38.05919], [-121.97744, 38.06684], [-121.935428, 38.048793], [-121.906801, 38.045002], [-121.874743, 38.050676], [-121.862462, 38.06603], [-121.846802, 38.059955], [-121.832122, 38.031101], [-121.818175, 38.02219], [-121.78139, 38.018612], [-121.737824, 38.02663], [-121.699765, 38.04522], [-121.68147, 38.061244], [-121.681865, 38.082019], [-121.673065, 38.093518], [-121.661865, 38.095618], [-121.638088, 38.086131], [-121.627376, 38.09836], [-121.604923, 38.099878], [-121.578338, 38.091739], [-121.572923, 38.074239], [-121.582203, 38.068423], [-121.584388, 38.036025], [-121.57993, 38.032116], [-121.580185, 38.041268], [-121.572169, 38.041412], [-121.571809, 38.031376], [-121.564226, 38.029699], [-121.557554, 38.017037], [-121.572052, 38.01841], [-121.566867, 38.012709], [-121.57991, 38.007783], [-121.568978, 38.00139], [-121.578945, 37.99855], [-121.582463, 37.983922], [-121.572393, 37.979045], [-121.579943, 37.976113], [-121.565138, 37.959849], [-121.575188, 37.955045], [-121.564113, 37.955115], [-121.567409, 37.943982], [-121.557583, 37.946496], [-121.563406, 37.944273], [-121.556419, 37.923302], [-121.572626, 37.904665], [-121.565904, 37.897672], [-121.575532, 37.88898], [-121.579425, 37.8723], [-121.573389, 37.865751], [-121.578965, 37.858497], [-121.569812, 37.860689], [-121.561977, 37.853138], [-121.553123, 37.860963], [-121.534247, 37.849891], [-121.556997, 37.816488], [-121.96004, 37.718531], [-121.971938, 37.730324], [-122.011771, 37.747428], [-122.010771, 37.755127], [-121.997411, 37.76336], [-122.045473, 37.798126], [-122.140698, 37.804717], [-122.157392, 37.817952], [-122.166873, 37.813424], [-122.185577, 37.820726], [-122.185116, 37.837353], [-122.208898, 37.851941], [-122.221418, 37.865468], [-122.21764, 37.87225], [-122.22884, 37.881023], [-122.241971, 37.881927], [-122.26414, 37.903775], [-122.322332, 37.895419], [-122.325112, 37.908074], [-122.360437, 37.90953], [-122.361849, 37.917431], [-122.363534, 37.905611], [-122.390546, 37.90911], [-122.387456, 37.920548], [-122.410036, 37.932359], [-122.42976, 37.965405]]]}}, {"type": "Feature", "properties": {"id": "Humboldt", "name": "Humboldt"}, "geometry": {"type": "Polygon", "coordinates": [[[-124.408601, 40.443201], [-124.38494, 40.48982], [-124.382816, 40.519], [-124.329404, 40.61643], [-124.176715, 40.843618], [-124.137066, 40.925732], [-124.111756, 41.026883], [-124.129132, 41.05111], [-124.145288, 41.057557], [-124.153622, 41.05355], [-124.148739, 41.061605], [-124.159102, 41.069625], [-124.154513, 41.087159], [-124.163953, 41.100753], [-124.159065, 41.121957], [-124.165414, 41.129822], [-124.158539, 41.143021], [-124.1438, 41.144686], [-124.106986, 41.229678], [-124.072294, 41.374844], [-124.063076, 41.439579], [-124.065520896835, 41.4647394649382], [-123.770551, 41.464193], [-123.770239, 41.380776], [-123.504292, 41.382547], [-123.474085, 41.366193], [-123.48251, 41.35365], [-123.478641, 41.329648], [-123.459592, 41.310239], [-123.455475, 41.292819], [-123.461649, 41.282281], [-123.443826, 41.273228], [-123.442776, 41.249475], [-123.455356, 41.236873], [-123.437619, 41.226582], [-123.435348, 41.213361], [-123.408291, 41.179944], [-123.410365, 41.170706], [-123.433027, 41.160578], [-123.429251, 41.118], [-123.439806, 41.092541], [-123.446328, 41.088874], [-123.464222, 41.094408], [-123.458574, 41.08241], [-123.464006, 41.076348], [-123.445599, 41.061681], [-123.423272, 41.058157], [-123.423341, 41.042189], [-123.407218, 41.030619], [-123.40604, 41.012897], [-123.425755, 41.003511], [-123.437359, 40.972656], [-123.453258, 40.964153], [-123.444859, 40.956158], [-123.445661, 40.947054], [-123.467656, 40.938159], [-123.481457, 40.914957], [-123.511758, 40.920357], [-123.529759, 40.934856], [-123.540959, 40.932256], [-123.54116, 40.939656], [-123.560163, 40.950257], [-123.569961, 40.946555], [-123.56766, 40.936556], [-123.587861, 40.927755], [-123.623891, 40.928674], [-123.613423, 40.921551], [-123.615827, 40.914068], [-123.604722, 40.900005], [-123.608594, 40.895375], [-123.597588, 40.885231], [-123.610051, 40.879182], [-123.597997, 40.877615], [-123.591461, 40.867549], [-123.580226, 40.867461], [-123.587716, 40.858784], [-123.575841, 40.857994], [-123.573867, 40.844687], [-123.563059, 40.840417], [-123.566243, 40.834978], [-123.55985, 40.829584], [-123.568687, 40.820304], [-123.556215, 40.808817], [-123.554292, 40.795541], [-123.565626, 40.796364], [-123.566253, 40.78881], [-123.560033, 40.790269], [-123.549865, 40.775808], [-123.554199, 40.759735], [-123.543102, 40.734014], [-123.544458, 40.001923], [-124.02325190922, 40.0012763404289], [-124.047839, 40.020608], [-124.072509, 40.022657], [-124.079983, 40.029773], [-124.080709, 40.06611], [-124.110549, 40.103765], [-124.187874, 40.130542], [-124.214895, 40.160902], [-124.289306, 40.203163], [-124.327691, 40.23737], [-124.360604, 40.257206], [-124.363634, 40.276212], [-124.347853, 40.314634], [-124.362312, 40.342793], [-124.365357, 40.374855], [-124.373599, 40.392923], [-124.402623, 40.422105], [-124.408601, 40.443201]]]}}, {"type": "Feature", "properties": {"id": "San Diego", "name": "San Diego"}, "geometry": {"type": "Polygon", "coordinates": [[[-117.595996031481, 33.3877884344227], [-117.57848, 33.453927], [-117.557226, 33.451194], [-117.508614, 33.469614], [-117.509722, 33.505019], [-117.364272, 33.505025], [-117.370925, 33.490549], [-117.241668, 33.448928], [-117.241271, 33.431993], [-116.085165, 33.425932], [-116.08109, 33.074833], [-116.103252, 33.07467], [-116.106175290558, 32.6186418594691], [-117.123668, 32.534435], [-117.133064, 32.566786], [-117.137723, 32.624552], [-117.160719, 32.66568], [-117.193103, 32.686586], [-117.212652, 32.687887], [-117.243128, 32.66454], [-117.257487, 32.725254], [-117.252049, 32.7512], [-117.256091, 32.793666], [-117.280576, 32.821945], [-117.281883, 32.832839], [-117.27494, 32.850215], [-117.264486, 32.848726], [-117.25617, 32.859447], [-117.253679, 32.903835], [-117.279524, 33.011377], [-117.295773, 33.037823], [-117.328359, 33.121842], [-117.39148, 33.202762], [-117.40286, 33.205558], [-117.403973, 33.215688], [-117.445583, 33.268517], [-117.505919, 33.333253], [-117.547834, 33.364878], [-117.595996031481, 33.3877884344227]]]}}, {"type": "Feature", "properties": {"id": "Monterey", "name": "Monterey"}, "geometry": {"type": "Polygon", "coordinates": [[[-121.976591, 36.580058], [-121.963321, 36.589071], [-121.958155, 36.608958], [-121.941066, 36.61806], [-121.93643, 36.636746], [-121.904396, 36.620583], [-121.887168, 36.600937], [-121.866181, 36.606562], [-121.83726, 36.634901], [-121.808966, 36.698547], [-121.805643, 36.750239], [-121.788278, 36.803994], [-121.810551858284, 36.8506482495196], [-121.800842, 36.857548], [-121.803499, 36.867444], [-121.793216, 36.880017], [-121.76936, 36.885185], [-121.745365, 36.909293], [-121.725594, 36.914345], [-121.715417, 36.908871], [-121.699956, 36.919683], [-121.705529, 36.909503], [-121.697441, 36.911607], [-121.680621, 36.903285], [-121.655227, 36.912863], [-121.653231, 36.902117], [-121.645992, 36.902115], [-121.642565, 36.8737], [-121.622089, 36.846203], [-121.597698, 36.83735], [-121.504011, 36.757205], [-121.481856, 36.765459], [-121.475651, 36.74921], [-121.462368, 36.743851], [-121.452646, 36.729209], [-121.454057, 36.720975], [-121.484508, 36.713062], [-121.468612, 36.685418], [-121.458962, 36.68572], [-121.444333, 36.673148], [-121.431571, 36.678728], [-121.415535, 36.673058], [-121.406993, 36.656035], [-121.366163, 36.656385], [-121.342314, 36.639523], [-121.342089, 36.631354], [-121.318373, 36.610026], [-121.32735, 36.585886], [-121.32347, 36.577869], [-121.33392, 36.574404], [-121.33171, 36.561946], [-121.30156, 36.539243], [-121.295362, 36.527129], [-121.307189, 36.516812], [-121.309017, 36.499568], [-121.294531, 36.506109], [-121.239295, 36.504782], [-121.228108, 36.484599], [-121.229511, 36.475277], [-121.215107, 36.473217], [-121.193465, 36.445751], [-121.040797, 36.323969], [-121.040302, 36.271058], [-121.027253, 36.275106], [-121.026833, 36.259761], [-121.018919, 36.259643], [-121.014576, 36.268611], [-121.012001, 36.26464], [-120.992415, 36.269921], [-120.9858, 36.292937], [-120.953432, 36.274706], [-120.939157, 36.283463], [-120.933104, 36.299768], [-120.919778, 36.310984], [-120.889216, 36.290364], [-120.87389, 36.295167], [-120.85202, 36.285964], [-120.836715, 36.271509], [-120.837059, 36.262742], [-120.810774, 36.251702], [-120.812166, 36.245195], [-120.789282, 36.235001], [-120.758691, 36.202084], [-120.731795, 36.203959], [-120.718169, 36.196848], [-120.706121, 36.20373], [-120.707429, 36.231785], [-120.733847, 36.284196], [-120.75834, 36.308604], [-120.746654, 36.310234], [-120.722584, 36.292656], [-120.703747, 36.287055], [-120.673668, 36.259751], [-120.679741, 36.246665], [-120.651408, 36.230247], [-120.62691, 36.203227], [-120.639213, 36.196467], [-120.651984, 36.174089], [-120.649688, 36.168224], [-120.663057, 36.171158], [-120.671945, 36.164287], [-120.664705, 36.147273], [-120.667551, 36.138057], [-120.645423, 36.116199], [-120.646108, 36.104745], [-120.61516, 36.095161], [-120.608019, 36.102697], [-120.600607, 36.101587], [-120.589796, 36.089605], [-120.596029, 36.077785], [-120.587608, 36.066604], [-120.545408, 36.046123], [-120.540409, 36.036664], [-120.526994, 36.035709], [-120.529796, 36.024281], [-120.520009, 36.020885], [-120.517568, 36.027544], [-120.480447, 36.011296], [-120.477391, 36.000824], [-120.4497, 35.988432], [-120.433053, 35.968933], [-120.408543, 35.975962], [-120.394005, 35.967873], [-120.360402, 35.964418], [-120.356513, 35.948057], [-120.335883, 35.93709], [-120.336369, 35.923108], [-120.322916, 35.907818], [-120.27576, 35.905881], [-120.243275, 35.877669], [-120.240246, 35.865928], [-120.255909, 35.855682], [-120.259182, 35.845287], [-120.244534, 35.823988], [-120.219906, 35.818915], [-120.213979, 35.789276], [-121.346362833935, 35.7951826441526], [-121.387882, 35.823437], [-121.415107, 35.857912], [-121.439584, 35.86695], [-121.459364, 35.882952], [-121.462598, 35.903712], [-121.471462, 35.914574], [-121.468593, 35.927527], [-121.47551, 35.930934], [-121.485631, 35.970849], [-121.500832, 35.998099], [-121.531819, 36.014558], [-121.574602, 36.025156], [-121.589436, 36.047684], [-121.592886, 36.065569], [-121.618893, 36.086916], [-121.632703, 36.120463], [-121.675205, 36.16294], [-121.717176, 36.195146], [-121.779851, 36.227407], [-121.826282, 36.242076], [-121.851967, 36.277831], [-121.902729, 36.306379], [-121.894714, 36.317806], [-121.893043, 36.342432], [-121.905476, 36.356062], [-121.901628, 36.387046], [-121.905657, 36.398206], [-121.915057, 36.403211], [-121.91413, 36.426081], [-121.930383, 36.448484], [-121.926066, 36.458932], [-121.946192, 36.490851], [-121.937053, 36.497964], [-121.938763, 36.506423], [-121.954209, 36.522231], [-121.938527, 36.518826], [-121.924738, 36.525599], [-121.933532, 36.544806], [-121.932508, 36.559935], [-121.949659, 36.567602], [-121.953398, 36.561304], [-121.970064, 36.569627], [-121.976591, 36.580058]]]}}, {"type": "Feature", "properties": {"id": "Mendocino", "name": "Mendocino"}, "geometry": {"type": "Polygon", "coordinates": [[[-124.02325190922, 40.0012763404289], [-123.544458, 40.001923], [-123.544563, 39.977015], [-122.934013, 39.978131], [-122.925773, 39.968154], [-122.926821, 39.945071], [-122.909787, 39.936385], [-122.920623, 39.92893], [-122.920524, 39.916487], [-122.950964, 39.906108], [-122.950601, 39.86913], [-122.960088, 39.845245], [-122.946706, 39.833469], [-122.943602, 39.801652], [-122.937654, 39.798156], [-122.938413, 39.748112], [-122.912516, 39.748165], [-122.912876, 39.708723], [-122.892676, 39.708898], [-122.890413, 39.622916], [-122.884497, 39.610761], [-122.89031, 39.529014], [-122.936696, 39.530713], [-122.936697, 39.516396], [-123.025236, 39.518709], [-123.025412, 39.511146], [-123.063181, 39.503539], [-123.063015, 39.452482], [-123.073115, 39.452682], [-123.075114, 39.407683], [-123.056314, 39.407583], [-123.057113, 39.378684], [-123.047513, 39.378584], [-123.048613, 39.364084], [-123.037914, 39.363885], [-123.037712, 39.336185], [-123.028728, 39.336584], [-123.028712, 39.321785], [-123.019711, 39.321785], [-123.019612, 39.277986], [-123.004514, 39.278187], [-123.00361, 39.257387], [-122.994484, 39.256757], [-122.994839, 39.235924], [-123.01271, 39.236188], [-123.01251, 39.220989], [-123.02081, 39.220689], [-123.045811, 39.173492], [-123.077812, 39.173791], [-123.078112, 39.13874], [-123.087512, 39.138392], [-123.085012, 39.095294], [-123.094212, 39.095294], [-123.094207, 39.080524], [-123.093013, 39.071994], [-123.083712, 39.071794], [-123.083812, 39.064494], [-123.065114, 39.064393], [-123.065212, 39.049995], [-123.056111, 39.049895], [-123.056212, 39.021096], [-123.037511, 39.013697], [-123.03731, 39.006497], [-123.028011, 39.006496], [-123.028035, 38.996593], [-122.98664, 38.997283], [-122.986683, 38.983009], [-122.977429, 38.9829], [-122.977712, 38.946693], [-122.968286, 38.946506], [-122.969919, 38.932663], [-122.960186, 38.932469], [-122.961888, 38.925511], [-122.949067, 38.925442], [-122.948865, 38.90022], [-122.911386, 38.901529], [-122.911355, 38.895171], [-122.89389, 38.895524], [-122.894633, 38.880832], [-122.8757, 38.880837], [-122.876495, 38.87313], [-122.85776, 38.873261], [-122.858487, 38.865849], [-122.839994, 38.866024], [-122.840099, 38.857993], [-122.821388, 38.85792], [-122.821592, 38.85014], [-123.080997, 38.852438], [-123.08123, 38.838406], [-123.136636, 38.839448], [-123.136253, 38.809136], [-123.368394, 38.80664], [-123.368236, 38.777066], [-123.497042, 38.778604], [-123.516343, 38.767784], [-123.520961, 38.758575], [-123.579856, 38.802835], [-123.593252, 38.799033], [-123.591019, 38.804295], [-123.601753, 38.807037], [-123.605317, 38.822765], [-123.647387, 38.845472], [-123.659846, 38.872529], [-123.680427, 38.882561], [-123.710395, 38.914878], [-123.727976, 38.919429], [-123.726315, 38.936367], [-123.741921, 38.956228], [-123.729053, 38.956667], [-123.711149, 38.977316], [-123.69074, 39.021293], [-123.69124, 39.050795], [-123.720231, 39.122672], [-123.719366, 39.134516], [-123.727684, 39.141522], [-123.735936, 39.139644], [-123.737927, 39.162712], [-123.753642, 39.17596], [-123.76101, 39.191595], [-123.771418, 39.194224], [-123.776803, 39.214478], [-123.769754, 39.215588], [-123.781639, 39.231082], [-123.777368, 39.237214], [-123.788338, 39.253708], [-123.789006, 39.269707], [-123.803848, 39.278771], [-123.804819, 39.289664], [-123.795423, 39.291048], [-123.796612, 39.301348], [-123.813725, 39.308337], [-123.80089, 39.318267], [-123.827716, 39.348433], [-123.826322, 39.362384], [-123.817052, 39.360547], [-123.826306, 39.36871], [-123.821887, 39.406809], [-123.815248, 39.411272], [-123.81823, 39.424339], [-123.808733, 39.427406], [-123.819884, 39.439489], [-123.812536, 39.442642], [-123.804295, 39.490019], [-123.795639, 39.492215], [-123.78417, 39.509419], [-123.766475, 39.552803], [-123.78863, 39.599975], [-123.782322, 39.621486], [-123.794235, 39.689995], [-123.808208, 39.710715], [-123.829545, 39.723071], [-123.838089, 39.752409], [-123.839797, 39.795637], [-123.851714, 39.832041], [-123.907664, 39.863028], [-123.930047, 39.909697], [-123.954952, 39.922373], [-123.980031, 39.962458], [-124.02325190922, 40.0012763404289]]]}}, {"type": "Feature", "properties": {"id": "El Dorado", "name": "El Dorado"}, "geometry": {"type": "Polygon", "coordinates": [[[-121.141595, 38.711939], [-121.134507, 38.712032], [-121.133295, 38.731455], [-121.117689, 38.756446], [-121.118579, 38.768937], [-121.101197, 38.789972], [-121.101428, 38.815282], [-121.084482, 38.816442], [-121.087341, 38.833274], [-121.058408, 38.847129], [-121.061806, 38.859916], [-121.053263, 38.868347], [-121.061696, 38.882651], [-121.044191, 38.890618], [-121.053373, 38.897297], [-121.040511, 38.915538], [-120.999542, 38.918163], [-120.991968, 38.927225], [-120.957767, 38.939108], [-120.938301, 38.935826], [-120.940569, 38.959862], [-120.93621, 38.963927], [-120.902107, 38.953155], [-120.887924, 38.959732], [-120.859863, 38.951653], [-120.852101, 38.959545], [-120.853241, 38.972815], [-120.847558, 38.976927], [-120.834163, 38.971866], [-120.824724, 38.992747], [-120.808224, 39.001059], [-120.798103, 38.996051], [-120.768336, 39.009175], [-120.764074, 39.002028], [-120.747656, 39.010397], [-120.747212, 39.00297], [-120.729575, 39.004025], [-120.704449, 38.981203], [-120.684593, 38.989216], [-120.683676, 38.967757], [-120.672748, 38.958593], [-120.642458, 38.944404], [-120.629467, 38.946405], [-120.611348, 38.942644], [-120.604366, 38.934224], [-120.594381, 38.936104], [-120.578858, 38.916592], [-120.564258, 38.913644], [-120.546095, 38.920697], [-120.54537, 38.926668], [-120.512346, 38.931191], [-120.493009, 38.943137], [-120.486122, 38.958837], [-120.470781, 38.965649], [-120.459638, 38.984999], [-120.4515, 38.987937], [-120.445213, 39.017595], [-120.43524, 39.028397], [-120.24041, 39.023668], [-120.240157, 39.030889], [-120.184098, 39.031014], [-120.18356, 39.038372], [-120.165028, 39.038485], [-120.164964, 39.045787], [-120.152976, 39.045807], [-120.153021, 39.060329], [-120.143598, 39.060198], [-120.143663, 39.067285], [-120.002461, 39.067489], [-120.001014, 38.999574], [-119.904315, 38.933324], [-119.905399, 38.928337], [-119.88731, 38.917941], [-119.879864, 38.899419], [-119.884488, 38.894206], [-119.879516, 38.887021], [-119.88876, 38.878977], [-119.87775, 38.868311], [-119.891909, 38.857344], [-119.906312, 38.855505], [-119.908493, 38.834346], [-119.92271, 38.829955], [-119.92186, 38.820962], [-119.942108, 38.80311], [-119.939773, 38.79356], [-119.947927, 38.781642], [-119.964948, 38.775986], [-120.072392, 38.702767], [-120.082491, 38.700604], [-120.077639, 38.708887], [-120.112009, 38.705016], [-120.122222, 38.69571], [-120.116701, 38.679778], [-120.140494, 38.638168], [-120.202875, 38.624706], [-120.214632, 38.628869], [-120.233849, 38.588316], [-120.26256, 38.578633], [-120.274522, 38.559452], [-120.299189, 38.556117], [-120.301721, 38.549109], [-120.376687, 38.544749], [-120.413149, 38.53115], [-120.485204, 38.521393], [-120.510596, 38.511467], [-120.628428, 38.503204], [-120.67718, 38.517809], [-120.683089, 38.526394], [-120.722295, 38.546946], [-120.736548, 38.545644], [-120.759959, 38.554931], [-120.784178, 38.550915], [-120.812953, 38.562209], [-120.836585, 38.551468], [-120.847218, 38.553786], [-120.862409, 38.543329], [-120.864051, 38.53526], [-120.87671, 38.542975], [-120.885067, 38.525071], [-120.902048, 38.531263], [-120.910985, 38.520496], [-120.927022, 38.514953], [-120.941318, 38.528602], [-120.980101, 38.515161], [-121.007539, 38.519139], [-121.011372, 38.512465], [-121.027507, 38.508292], [-121.11866, 38.71707], [-121.133782, 38.705386], [-121.141595, 38.711939]]]}}, {"type": "Feature", "properties": {"id": "Siskiyou", "name": "Siskiyou"}, "geometry": {"type": "Polygon", "coordinates": [[[-123.718448, 41.597965], [-123.69664, 41.633863], [-123.680444, 41.633957], [-123.689583, 41.669434], [-123.662843, 41.693468], [-123.670117, 41.699343], [-123.660205, 41.714055], [-123.666108, 41.732156], [-123.678304, 41.738543], [-123.68834, 41.781221], [-123.674602, 41.785626], [-123.672701, 41.79595], [-123.689957, 41.80316], [-123.703768, 41.829117], [-123.67078, 41.835432], [-123.671339, 41.844985], [-123.661534, 41.856473], [-123.649476, 41.86032], [-123.646689, 41.877029], [-123.652197, 41.878696], [-123.642191, 41.889742], [-123.606301, 41.880773], [-123.59363, 41.90589], [-123.559492, 41.905968], [-123.554389, 41.930052], [-123.533251, 41.955169], [-123.540448, 41.986362], [-123.517910995163, 42.0007581373596], [-123.346955, 41.999276], [-123.145735, 42.008761], [-123.043997, 42.003084], [-122.378511, 42.009485], [-121.447537949131, 41.9974692924328], [-121.447563, 41.950642], [-121.457213, 41.949945], [-121.456922, 41.776302], [-121.448981, 41.776392], [-121.446495, 41.183484], [-122.498376, 41.182675], [-122.497401, 41.195569], [-122.522636, 41.213525], [-122.512261, 41.226452], [-122.517458, 41.239783], [-122.508247, 41.245288], [-122.513943, 41.255215], [-122.51397, 41.280152], [-122.510167, 41.288664], [-122.499223, 41.292049], [-122.50192, 41.309113], [-122.478771, 41.320085], [-122.502542, 41.332944], [-122.50389, 41.342985], [-122.535818, 41.341523], [-122.55169, 41.361702], [-122.572326, 41.368025], [-122.585241, 41.359008], [-122.581022, 41.33767], [-122.590808, 41.32591], [-122.627473, 41.332026], [-122.642128, 41.326608], [-122.647683, 41.322343], [-122.64558, 41.304734], [-122.652876, 41.289735], [-122.663488, 41.291644], [-122.679068, 41.278969], [-122.711957, 41.27479], [-122.724601, 41.261075], [-122.725295, 41.247466], [-122.777012, 41.230841], [-122.781207, 41.218173], [-122.802109, 41.203048], [-122.825175, 41.21003], [-122.843941, 41.200224], [-122.886742, 41.204941], [-122.924839, 41.186665], [-122.929171, 41.178691], [-122.951317, 41.185578], [-122.961347, 41.181525], [-122.95174, 41.151045], [-122.965341, 41.138307], [-122.959934, 41.123992], [-122.974237, 41.109625], [-122.969184, 41.103762], [-122.97097, 41.09016], [-122.953183, 41.074277], [-122.923328, 41.071952], [-122.897363, 41.02918], [-122.901522, 41.014646], [-122.914451, 41.006899], [-122.917529, 40.99399], [-122.934978, 40.992433], [-122.959649, 41.010215], [-122.980131, 41.014314], [-123.037118, 41.004176], [-123.055385, 41.046721], [-123.095869, 41.059169], [-123.109333, 41.075459], [-123.23948, 41.075763], [-123.257174, 41.091947], [-123.273402, 41.122891], [-123.283939, 41.123453], [-123.295065, 41.14065], [-123.324952, 41.141547], [-123.329615, 41.151664], [-123.353237, 41.163054], [-123.381192, 41.15129], [-123.435348, 41.213361], [-123.437619, 41.226582], [-123.455356, 41.236873], [-123.442776, 41.249475], [-123.443826, 41.273228], [-123.462791, 41.284201], [-123.455475, 41.292819], [-123.459592, 41.310239], [-123.478641, 41.329648], [-123.48251, 41.35365], [-123.474085, 41.366193], [-123.489411, 41.37767], [-123.504292, 41.382547], [-123.661363, 41.38209], [-123.656005, 41.395307], [-123.641648, 41.400188], [-123.638913, 41.407366], [-123.64856, 41.420823], [-123.622009, 41.432635], [-123.611627, 41.461571], [-123.62617, 41.466827], [-123.637771, 41.482382], [-123.648046, 41.535024], [-123.682949, 41.543205], [-123.693887, 41.551858], [-123.681527, 41.571964], [-123.689095, 41.582068], [-123.681345, 41.586741], [-123.682203, 41.594561], [-123.715675, 41.591312], [-123.718448, 41.597965]]]}}, {"type": "Feature", "properties": {"id": "Madera", "name": "Madera"}, "geometry": {"type": "Polygon", "coordinates": [[[-120.545536, 37.027582], [-120.537849, 37.034087], [-120.541696, 37.044505], [-120.476692, 37.09639], [-120.406298, 37.111219], [-120.384886, 37.124589], [-120.363315, 37.119712], [-120.341204, 37.124596], [-120.290384, 37.152428], [-120.222965, 37.163969], [-120.187594, 37.160252], [-120.174129, 37.165929], [-120.115088, 37.165656], [-120.056921, 37.180835], [-119.761809, 37.417114], [-119.651191, 37.417832], [-119.651172, 37.461351], [-119.615495, 37.461522], [-119.615148, 37.494681], [-119.58422, 37.494696], [-119.583585, 37.560335], [-119.308995, 37.777986], [-119.293382, 37.767929], [-119.288381, 37.74503], [-119.268979, 37.73923], [-119.257878, 37.724631], [-119.243045, 37.728547], [-119.22219, 37.715051], [-119.216333, 37.714123], [-119.198491, 37.736657], [-119.124312, 37.733944], [-119.065166, 37.684556], [-119.054618, 37.645135], [-119.031228, 37.627412], [-119.034365, 37.603536], [-119.022363, 37.585737], [-119.286658, 37.374943], [-119.312186, 37.352725], [-119.312226, 37.339706], [-119.325774, 37.335417], [-119.315576, 37.325802], [-119.335266, 37.311761], [-119.326866, 37.290748], [-119.332027, 37.273588], [-119.322235, 37.253794], [-119.337788, 37.21916], [-119.329428, 37.209997], [-119.341186, 37.190865], [-119.360565, 37.180539], [-119.361762, 37.167998], [-119.374639, 37.164349], [-119.375029, 37.157875], [-119.388848, 37.149215], [-119.399787, 37.149835], [-119.408655, 37.161218], [-119.432125, 37.162571], [-119.434875, 37.146954], [-119.462634, 37.144211], [-119.466252, 37.119596], [-119.474807, 37.109963], [-119.491315, 37.119712], [-119.488923, 37.13639], [-119.506733, 37.150554], [-119.517702, 37.146376], [-119.525484, 37.128203], [-119.547893, 37.143611], [-119.561592, 37.14219], [-119.568566, 37.116689], [-119.548754, 37.116756], [-119.537677, 37.104019], [-119.542292, 37.095417], [-119.559002, 37.088058], [-119.561432, 37.065485], [-119.604908, 37.071016], [-119.620416, 37.027341], [-119.635371, 37.021545], [-119.629033, 37.034619], [-119.639349, 37.043287], [-119.651604, 37.042961], [-119.659377, 37.038938], [-119.658611, 37.01333], [-119.698075, 37.008748], [-119.7405, 36.970212], [-119.743254, 36.954631], [-119.733767, 36.946441], [-119.752532, 36.935223], [-119.7546, 36.922705], [-119.772737, 36.918599], [-119.789312, 36.896708], [-119.786114, 36.87889], [-119.812076, 36.863759], [-119.818746, 36.848068], [-119.834785, 36.852525], [-119.84066, 36.86124], [-119.853182, 36.851583], [-119.886179, 36.859199], [-119.88873, 36.852393], [-119.912132, 36.845373], [-119.929251, 36.847889], [-119.943507, 36.83403], [-119.970539, 36.832866], [-119.984651, 36.840841], [-119.992389, 36.828946], [-120.013334, 36.828228], [-120.028143, 36.814485], [-120.056128, 36.822858], [-120.070733, 36.818621], [-120.079458, 36.825345], [-120.156935, 36.798192], [-120.172198, 36.803096], [-120.18883, 36.776408], [-120.207076, 36.790905], [-120.233263, 36.781057], [-120.229499, 36.769308], [-120.274575, 36.773984], [-120.280883, 36.766742], [-120.286488, 36.77333], [-120.290594, 36.763047], [-120.293171, 36.772233], [-120.306058, 36.770265], [-120.301345, 36.778192], [-120.321722, 36.777697], [-120.324216, 36.786304], [-120.334614, 36.782884], [-120.334194, 36.790988], [-120.342987, 36.79093], [-120.346623, 36.797655], [-120.35095, 36.795436], [-120.345124, 36.785049], [-120.371551, 36.785836], [-120.369612, 36.810355], [-120.37751, 36.809146], [-120.38903, 36.824441], [-120.40071, 36.82241], [-120.410444, 36.840005], [-120.417095, 36.835626], [-120.426631, 36.840111], [-120.432772, 36.849933], [-120.440504, 36.850201], [-120.439491, 36.855708], [-120.455493, 36.861946], [-120.45026, 36.871033], [-120.459202, 36.876097], [-120.453666, 36.88079], [-120.466752, 36.892193], [-120.463362, 36.905646], [-120.455996, 36.905384], [-120.450825, 36.913471], [-120.461947, 36.916859], [-120.457226, 36.923874], [-120.47562, 36.939992], [-120.478317, 36.955233], [-120.489132, 36.966823], [-120.484139, 36.972399], [-120.499519, 36.981966], [-120.502812, 37.00041], [-120.513791, 37.010962], [-120.529768, 37.012549], [-120.530713, 37.020184], [-120.545536, 37.027582]]]}}, {"type": "Feature", "properties": {"id": "Lake", "name": "Lake"}, "geometry": {"type": "Polygon", "coordinates": [[[-123.094212, 39.095294], [-123.085012, 39.095294], [-123.087512, 39.138392], [-123.078112, 39.13874], [-123.077812, 39.173791], [-123.045811, 39.173492], [-123.02081, 39.220689], [-123.01251, 39.220989], [-123.01271, 39.236188], [-122.994839, 39.235924], [-122.994484, 39.256757], [-123.00361, 39.257387], [-123.004514, 39.278187], [-123.019612, 39.277986], [-123.019711, 39.321785], [-123.028712, 39.321785], [-123.028728, 39.336584], [-123.037712, 39.336185], [-123.037914, 39.363885], [-123.048613, 39.364084], [-123.047513, 39.378584], [-123.057113, 39.378684], [-123.056314, 39.407583], [-123.075114, 39.407683], [-123.073115, 39.452682], [-123.063015, 39.452482], [-123.063181, 39.503539], [-123.025412, 39.511146], [-123.025236, 39.518709], [-122.936697, 39.516396], [-122.936696, 39.530713], [-122.89031, 39.529014], [-122.885352, 39.580108], [-122.735639, 39.580668], [-122.731708, 39.482891], [-122.732601, 39.450754], [-122.741748, 39.43523], [-122.739062, 39.383266], [-122.78509, 39.382975], [-122.774199, 39.374883], [-122.75995, 39.37813], [-122.743482, 39.36813], [-122.741719, 39.358899], [-122.752097, 39.346349], [-122.76531, 39.342743], [-122.775252, 39.312563], [-122.758226, 39.293947], [-122.757095, 39.284307], [-122.728636, 39.273283], [-122.712454, 39.25701], [-122.691361, 39.247431], [-122.675838, 39.230087], [-122.679729, 39.22453], [-122.665362, 39.217548], [-122.648644, 39.214109], [-122.623013, 39.223212], [-122.567215, 39.203701], [-122.534993, 39.211595], [-122.515331, 39.209215], [-122.508405, 39.190321], [-122.498538, 39.191091], [-122.491839, 39.175293], [-122.476083, 39.172609], [-122.482574, 39.162927], [-122.474541, 39.144699], [-122.480796, 39.138401], [-122.496835, 39.140501], [-122.500909, 39.121075], [-122.486205, 39.086054], [-122.490231, 39.073677], [-122.483879, 39.066955], [-122.490849, 39.064787], [-122.492023, 39.053503], [-122.467243, 39.048921], [-122.467331, 39.042966], [-122.43729, 39.021357], [-122.409983, 39.017517], [-122.408707, 39.007354], [-122.41931, 38.989177], [-122.416766, 38.978249], [-122.407022, 38.971417], [-122.409214, 38.963001], [-122.340172, 38.924246], [-122.403941, 38.925289], [-122.421904, 38.90377], [-122.390816, 38.867963], [-122.403571, 38.856076], [-122.375369, 38.826453], [-122.375641, 38.808067], [-122.379668, 38.80224], [-122.397316, 38.804966], [-122.404087, 38.79891], [-122.412698, 38.786274], [-122.403052, 38.772982], [-122.41588, 38.768205], [-122.464115, 38.706134], [-122.626772, 38.67078], [-122.646569, 38.706177], [-122.695451, 38.71309], [-122.700924, 38.728866], [-122.71038, 38.732082], [-122.709321, 38.74902], [-122.724158, 38.756561], [-122.722693, 38.763013], [-122.74822, 38.787795], [-122.747756, 38.803344], [-122.791393, 38.830429], [-122.795989, 38.838952], [-122.812089, 38.838412], [-122.821388, 38.85792], [-122.840099, 38.857993], [-122.839994, 38.866024], [-122.858487, 38.865849], [-122.85776, 38.873261], [-122.876495, 38.87313], [-122.8757, 38.880837], [-122.894633, 38.880832], [-122.89389, 38.895524], [-122.911355, 38.895171], [-122.911386, 38.901529], [-122.948865, 38.90022], [-122.949067, 38.925442], [-122.961888, 38.925511], [-122.960186, 38.932469], [-122.969919, 38.932663], [-122.968286, 38.946506], [-122.977712, 38.946693], [-122.977429, 38.9829], [-122.986683, 38.983009], [-122.98664, 38.997283], [-123.018579, 38.992956], [-123.028035, 38.996593], [-123.028011, 39.006496], [-123.03731, 39.006497], [-123.037511, 39.013697], [-123.046811, 39.013796], [-123.047011, 39.020896], [-123.056212, 39.021096], [-123.056111, 39.049895], [-123.065212, 39.049995], [-123.065114, 39.064393], [-123.083812, 39.064494], [-123.083712, 39.071794], [-123.093013, 39.071994], [-123.094212, 39.095294]]]}}, {"type": "Feature", "properties": {"id": "Ventura", "name": "Ventura"}, "geometry": {"type": "MultiPolygon", "coordinates": [[[[-119.372331, 34.012088], [-119.362571, 34.017148], [-119.357658, 34.015985], [-119.372331, 34.012088]]], [[[-119.441999, 34.013551], [-119.421376, 34.015012], [-119.396251, 34.005918], [-119.379273, 34.009566], [-119.390816, 34.002863], [-119.441999, 34.013551]]], [[[-119.477837, 34.379417], [-119.447372, 34.401709], [-119.453423, 34.42861], [-119.444717, 34.42951], [-119.440414, 34.441842], [-119.443691, 34.901171], [-119.383705, 34.900817], [-119.381854, 34.87399], [-119.276435, 34.872481], [-119.277245, 34.857284], [-119.242581, 34.857598], [-119.242534, 34.814323], [-118.977926, 34.811714], [-118.978022, 34.789809], [-118.880405, 34.788655], [-118.636789, 34.291804], [-118.632494, 34.240391], [-118.667714, 34.240345], [-118.668152, 34.168195], [-118.788889, 34.168214], [-118.940965, 34.07483], [-118.944593638436, 34.0458150893772], [-119.008981, 34.066793], [-119.037494, 34.083111], [-119.061217, 34.085387], [-119.085994, 34.099266], [-119.108812, 34.09592], [-119.129252, 34.10084], [-119.18864, 34.139005], [-119.216441, 34.146105], [-119.257043, 34.213304], [-119.278644, 34.266902], [-119.337475, 34.290576], [-119.370356, 34.319486], [-119.390449, 34.318198], [-119.42777, 34.353016], [-119.443418, 34.355994], [-119.461036, 34.374064], [-119.476527581473, 34.3741061476466], [-119.477837, 34.379417]]], [[[-119.577271, 33.278582], [-119.56215, 33.271217], [-119.551276, 33.280613], [-119.528778, 33.285417], [-119.498599, 33.266553], [-119.460592, 33.256658], [-119.434402, 33.227021], [-119.438882, 33.220095], [-119.4703, 33.214731], [-119.546212, 33.232561], [-119.575138, 33.258056], [-119.577271, 33.278582]]]]}}, {"type": "Feature", "properties": {"id": "Sutter", "name": "Sutter"}, "geometry": {"type": "Polygon", "coordinates": [[[-121.948283, 39.241767], [-121.941311, 39.262358], [-121.920796, 39.281631], [-121.921357, 39.289152], [-121.908269, 39.303878], [-121.63015, 39.305668], [-121.62376, 39.295621], [-121.631474, 39.290821], [-121.62229, 39.273349], [-121.632302, 39.270383], [-121.621399, 39.26394], [-121.635458, 39.262146], [-121.636368, 39.246076], [-121.627712, 39.2286], [-121.614307, 39.228745], [-121.618123, 39.220646], [-121.613689, 39.214525], [-121.629089, 39.204678], [-121.613121, 39.190617], [-121.618361, 39.183412], [-121.611159, 39.175706], [-121.615614, 39.167824], [-121.597676, 39.127792], [-121.60463, 39.112763], [-121.602678, 39.100158], [-121.590357, 39.102702], [-121.586761, 39.097801], [-121.58591, 39.089691], [-121.61025, 39.056907], [-121.605634, 39.032628], [-121.594618, 39.023708], [-121.600036, 39.012106], [-121.57933, 39.007573], [-121.589399, 38.990344], [-121.577961, 38.946771], [-121.57892, 38.92169], [-121.575459, 38.918393], [-121.571297, 38.938918], [-121.56147, 38.953437], [-121.553518, 38.953755], [-121.543306, 38.972404], [-121.524653, 38.971473], [-121.509029, 38.982791], [-121.49369, 38.984302], [-121.489646, 38.99205], [-121.459463, 38.997839], [-121.414625, 38.996014], [-121.414399, 38.926214], [-121.469356, 38.925992], [-121.469803, 38.751939], [-121.48444, 38.751354], [-121.484396, 38.734598], [-121.602894, 38.735838], [-121.592622, 38.76286], [-121.603022, 38.778108], [-121.625284, 38.785338], [-121.63082, 38.783166], [-121.633423, 38.768482], [-121.645261, 38.773994], [-121.639015, 38.767704], [-121.652377, 38.764547], [-121.66221, 38.769824], [-121.658457, 38.75527], [-121.667081, 38.755035], [-121.673454, 38.743035], [-121.677521, 38.749275], [-121.670018, 38.75931], [-121.69269, 38.768312], [-121.686439, 38.77536], [-121.690671, 38.795627], [-121.701251, 38.803028], [-121.723346, 38.803759], [-121.723414, 38.825617], [-121.730772, 38.836349], [-121.72354, 38.852292], [-121.728529, 38.857269], [-121.748624, 38.871318], [-121.758696, 38.868708], [-121.758084, 38.862611], [-121.784265, 38.856685], [-121.786667, 38.863695], [-121.801726, 38.864282], [-121.814814, 38.876582], [-121.817237, 38.882874], [-121.806773, 38.890315], [-121.803989, 38.90172], [-121.791109, 38.904538], [-121.812181, 38.908826], [-121.804805, 38.914521], [-121.830009, 38.919059], [-121.837334, 38.926073], [-121.830134, 38.938425], [-121.840374, 38.95452], [-121.832166, 38.960216], [-121.833654, 38.969752], [-121.821622, 38.974503], [-121.81951, 38.988279], [-121.802102, 38.989767], [-121.795606, 38.996678], [-121.826806, 39.011788], [-121.822715, 39.028604], [-121.838744, 39.045091], [-121.838545, 39.06413], [-121.849389, 39.071401], [-121.869817, 39.06686], [-121.889101, 39.072373], [-121.894369, 39.096126], [-121.905834, 39.103087], [-121.905535, 39.114766], [-121.912739, 39.113545], [-121.911095, 39.123147], [-121.920718, 39.122031], [-121.937953, 39.133001], [-121.937763, 39.143984], [-121.920541, 39.141338], [-121.917214, 39.147278], [-121.945514, 39.179843], [-121.928332, 39.198729], [-121.948283, 39.241767]]]}}, {"type": "Feature", "properties": {"id": "Glenn", "name": "Glenn"}, "geometry": {"type": "Polygon", "coordinates": [[[-122.93795, 39.749883], [-122.937654, 39.798156], [-122.251848, 39.799289], [-122.046471, 39.797648], [-122.040126, 39.792748], [-122.026498, 39.800137], [-122.025594, 39.788148], [-122.032417, 39.778725], [-122.02456, 39.767942], [-121.995164, 39.749882], [-121.982176, 39.733902], [-121.970385, 39.732234], [-121.963796, 39.741398], [-121.960168, 39.734161], [-121.96792, 39.723317], [-121.962524, 39.717741], [-121.948671, 39.732501], [-121.950951, 39.715004], [-121.941583, 39.698113], [-121.944915, 39.690919], [-121.956919, 39.687525], [-121.960198, 39.677877], [-121.997348, 39.668483], [-121.989831, 39.660273], [-121.975823, 39.663461], [-121.966623, 39.652444], [-121.985072, 39.645932], [-121.990829, 39.636539], [-121.992132, 39.629159], [-121.979555, 39.614791], [-121.994007, 39.606264], [-121.995062, 39.582295], [-122.003243, 39.574815], [-121.990634, 39.564295], [-122.003134, 39.559295], [-121.998279, 39.542461], [-121.994021, 39.533926], [-121.974031, 39.52885], [-121.945194, 39.536057], [-121.856532, 39.536904], [-121.877341, 39.509549], [-121.869351, 39.466196], [-121.874754, 39.460338], [-121.8708, 39.449559], [-121.875199, 39.427911], [-121.890013, 39.383864], [-122.009735, 39.383864], [-122.003828, 39.396994], [-122.008857, 39.413567], [-122.136161, 39.414499], [-122.136006, 39.385494], [-122.739062, 39.383266], [-122.741748, 39.43523], [-122.732601, 39.450754], [-122.731708, 39.482891], [-122.735639, 39.580668], [-122.885352, 39.580108], [-122.892676, 39.708898], [-122.912876, 39.708723], [-122.912516, 39.748165], [-122.93795, 39.749883]]]}}, {"type": "Feature", "properties": {"id": "Mariposa", "name": "Mariposa"}, "geometry": {"type": "Polygon", "coordinates": [[[-120.394122, 37.66812], [-120.386636, 37.684842], [-120.36631, 37.680794], [-120.362464, 37.672819], [-120.347989, 37.671232], [-120.328376, 37.650045], [-120.312572, 37.653668], [-120.306407, 37.665759], [-120.34521, 37.725664], [-120.320841, 37.726158], [-120.307687, 37.735608], [-120.286494, 37.729449], [-120.282617, 37.745277], [-120.26072, 37.733562], [-120.256536, 37.748441], [-120.239687, 37.75349], [-120.237935, 37.765244], [-120.227015, 37.760371], [-120.188981, 37.767934], [-120.182299, 37.795564], [-120.17431, 37.799342], [-120.161812, 37.787406], [-120.127226, 37.781566], [-120.090279, 37.810747], [-120.090466, 37.821872], [-120.079508, 37.828808], [-120.058929, 37.824919], [-120.055129, 37.812793], [-120.035987, 37.807874], [-120.026593, 37.811877], [-119.964915, 37.782826], [-119.938414, 37.763026], [-119.901213, 37.757826], [-119.876012, 37.763826], [-119.875512, 37.772526], [-119.868212, 37.773225], [-119.852011, 37.757726], [-119.837909, 37.770226], [-119.808509, 37.754925], [-119.791509, 37.764625], [-119.751007, 37.773324], [-119.746007, 37.782924], [-119.733906, 37.787924], [-119.709805, 37.793524], [-119.699605, 37.789124], [-119.689704, 37.800224], [-119.667203, 37.801224], [-119.653903, 37.810423], [-119.650903, 37.820823], [-119.657703, 37.834123], [-119.648603, 37.845023], [-119.624989, 37.847714], [-119.597874, 37.860971], [-119.584864, 37.874922], [-119.586401, 37.890122], [-119.5586, 37.903122], [-119.535699, 37.904122], [-119.529798, 37.891122], [-119.515297, 37.884422], [-119.502596, 37.867822], [-119.484095, 37.864423], [-119.474295, 37.855623], [-119.454194, 37.870723], [-119.441993, 37.867523], [-119.442692, 37.859824], [-119.426792, 37.866724], [-119.421991, 37.857724], [-119.407291, 37.854924], [-119.402689, 37.835225], [-119.375511, 37.840873], [-119.372602, 37.832883], [-119.351387, 37.825526], [-119.354987, 37.811826], [-119.312284, 37.794128], [-119.307284, 37.782828], [-119.583585, 37.560335], [-119.58422, 37.494696], [-119.615148, 37.494681], [-119.615495, 37.461522], [-119.651172, 37.461351], [-119.651191, 37.417832], [-119.761809, 37.417114], [-120.052055, 37.183108], [-120.085878, 37.218743], [-120.143826, 37.239192], [-120.18207, 37.267548], [-120.187709, 37.301072], [-120.203531, 37.313321], [-120.283398, 37.424363], [-120.284042, 37.432476], [-120.275096, 37.440713], [-120.279579, 37.457947], [-120.299172, 37.488845], [-120.311493, 37.497228], [-120.319197, 37.521335], [-120.38767, 37.633364], [-120.375144, 37.652208], [-120.394122, 37.66812]]]}}, {"type": "Feature", "properties": {"id": "San Bernardino", "name": "San Bernardino"}, "geometry": {"type": "Polygon", "coordinates": [[[-117.802445, 33.968308], [-117.78517, 34.004625], [-117.767525, 34.004695], [-117.767657, 34.023508], [-117.730125, 34.021371], [-117.678501, 34.161993], [-117.646374, 34.28917], [-117.659673, 34.451605], [-117.660401, 34.557892], [-117.667121, 34.557906], [-117.667459, 34.822528], [-117.632151, 34.822271], [-117.629686, 35.466159], [-117.634353, 35.650847], [-117.616518, 35.651611], [-117.616518, 35.680687], [-117.652184, 35.680771], [-117.652136, 35.709858], [-117.634315, 35.70983], [-117.634283, 35.79726], [-115.735891, 35.79362], [-115.735745, 35.809097], [-115.648020311818, 35.8096294219517], [-114.633487, 35.001857], [-114.629152, 34.985873], [-114.635237, 34.965149], [-114.629769, 34.94304], [-114.634382, 34.87289], [-114.586842, 34.835672], [-114.57101, 34.794294], [-114.552682, 34.766871], [-114.516619, 34.736745], [-114.490971, 34.724848], [-114.487508, 34.716626], [-114.470477, 34.711368], [-114.450506, 34.666836], [-114.458182, 34.657885], [-114.441465, 34.64253], [-114.438739, 34.621455], [-114.424202, 34.610453], [-114.424326, 34.602338], [-114.436466, 34.5954], [-114.405228, 34.569637], [-114.380838, 34.529724], [-114.378124, 34.507288], [-114.386699, 34.457911], [-114.373719, 34.446938], [-114.335372, 34.450038], [-114.32613, 34.437251], [-114.294836, 34.421389], [-114.288663, 34.406623], [-114.264317, 34.401329], [-114.226107, 34.365916], [-114.199482, 34.361373], [-114.176909, 34.349306], [-114.157206, 34.317862], [-114.138282, 34.30323], [-114.131211, 34.26273], [-114.13545, 34.257886], [-114.164628, 34.258999], [-114.166536, 34.249647], [-114.225194, 34.203642], [-114.229715, 34.186928], [-114.254141, 34.173831], [-114.287294, 34.170529], [-114.320777, 34.138635], [-114.353031, 34.133121], [-114.366521, 34.118575], [-114.411681, 34.110031], [-114.435429, 34.079727], [-115.316065, 34.077843], [-115.316212, 34.03411], [-116.929558, 34.034113], [-116.929537, 34.004914], [-117.225373, 34.004189], [-117.225533, 34.017966], [-117.375416, 34.019399], [-117.375344, 34.033875], [-117.558312, 34.033451], [-117.558377, 33.98842], [-117.610943, 33.971807], [-117.610947, 33.925114], [-117.655386, 33.925114], [-117.654885, 33.888815], [-117.676684, 33.888734], [-117.668816, 33.880549], [-117.673019, 33.871039], [-117.793551, 33.953822], [-117.793667, 33.968135], [-117.802445, 33.968308]]]}}, {"type": "Feature", "properties": {"id": "Stanislaus", "name": "Stanislaus"}, "geometry": {"type": "Polygon", "coordinates": [[[-121.486775, 37.475652], [-121.474527, 37.479344], [-121.241229, 37.66425], [-121.231555, 37.662588], [-121.220357, 37.671044], [-121.223466, 37.683608], [-121.208692, 37.686302], [-121.199817, 37.696219], [-121.19964, 37.690371], [-121.194228, 37.694953], [-121.181124, 37.688092], [-121.17845, 37.705529], [-121.166244, 37.699397], [-121.155849, 37.719844], [-121.121356, 37.721919], [-121.10763, 37.73228], [-121.110208, 37.742043], [-121.094385, 37.733662], [-121.088368, 37.741052], [-121.066986, 37.73956], [-121.056212, 37.750374], [-121.051813, 37.742507], [-121.037872, 37.73916], [-121.026478, 37.741769], [-121.017721, 37.755276], [-121.008, 37.749091], [-120.99276, 37.760755], [-120.95416, 37.738445], [-120.92058, 37.73846], [-120.926449, 38.077421], [-120.655205, 37.83326], [-120.387613, 37.633704], [-120.983756, 37.39964], [-120.994529, 37.386648], [-120.981958, 37.385402], [-120.984366, 37.375136], [-120.973119, 37.376148], [-120.9814, 37.364869], [-120.976465, 37.349616], [-120.964685, 37.345385], [-121.226804, 37.134774], [-121.23711, 37.157204], [-121.262093, 37.159323], [-121.281107, 37.183603], [-121.298552, 37.165963], [-121.312882, 37.170147], [-121.328409, 37.16595], [-121.360942, 37.184321], [-121.384266, 37.166201], [-121.383551, 37.151487], [-121.393424, 37.148131], [-121.404636, 37.155989], [-121.413395, 37.172899], [-121.408905, 37.180842], [-121.416869, 37.211262], [-121.422219, 37.221934], [-121.448493, 37.23702], [-121.45575, 37.24944], [-121.453966, 37.277184], [-121.459068, 37.282319], [-121.44965, 37.293939], [-121.423452, 37.295287], [-121.405753, 37.31099], [-121.42365, 37.358837], [-121.409075, 37.380672], [-121.412549, 37.389435], [-121.42405, 37.393635], [-121.456651, 37.395535], [-121.456351, 37.406735], [-121.472606, 37.423345], [-121.46186, 37.438799], [-121.462917, 37.451489], [-121.484252, 37.466032], [-121.486775, 37.475652]]]}}, {"type": "Feature", "properties": {"id": "Imperial", "name": "Imperial"}, "geometry": {"type": "Polygon", "coordinates": [[[-116.106175290558, 32.6186418594691], [-116.103252, 33.07467], [-116.08109, 33.074833], [-116.085165, 33.425932], [-114.627125, 33.433554], [-114.64954, 33.413633], [-114.687953, 33.417944], [-114.701732, 33.408388], [-114.725535, 33.404056], [-114.70731, 33.382542], [-114.698035, 33.352442], [-114.707962, 33.323421], [-114.731223, 33.302434], [-114.72167, 33.286982], [-114.680507, 33.273577], [-114.672088, 33.258499], [-114.689541, 33.246428], [-114.673626, 33.223121], [-114.678749, 33.203448], [-114.67536, 33.185489], [-114.679359, 33.159519], [-114.696829, 33.131209], [-114.707819, 33.091102], [-114.68902, 33.084036], [-114.686991, 33.070969], [-114.674296, 33.057171], [-114.673659, 33.041897], [-114.66506, 33.033908], [-114.657827, 33.033825], [-114.64598, 33.048903], [-114.618788, 33.027202], [-114.589778, 33.026228], [-114.575161, 33.036542], [-114.52013, 33.029984], [-114.502871, 33.011153], [-114.492938, 32.971781], [-114.469039, 32.972295], [-114.46773, 32.956323], [-114.48092, 32.935252], [-114.462929, 32.907944], [-114.468971, 32.845155], [-114.528849, 32.796307], [-114.532432, 32.776923], [-114.526856, 32.757094], [-114.539093, 32.756949], [-114.539224, 32.749812], [-114.564447, 32.749554], [-114.564508, 32.742298], [-114.581736, 32.742321], [-114.581784, 32.734946], [-114.612697, 32.734516], [-114.618373, 32.728245], [-114.688779, 32.737675], [-114.701918, 32.745548], [-114.719633, 32.718763], [-116.106175290558, 32.6186418594691]]]}}, {"type": "Feature", "properties": {"id": "Santa Clara", "name": "Santa Clara"}, "geometry": {"type": "Polygon", "coordinates": [[[-122.202653, 37.363046], [-122.191008, 37.384401], [-122.190506, 37.430956], [-122.165302, 37.452843], [-122.144933, 37.4582], [-122.122375, 37.453376], [-122.123835, 37.461215], [-122.11516140516, 37.4662797321484], [-122.08874, 37.452267], [-122.058336, 37.446788], [-122.038599, 37.454622], [-122.040872722043, 37.4628633674882], [-122.025425, 37.46563], [-121.951921, 37.461461], [-121.944914, 37.469163], [-121.925041, 37.454186], [-121.880541, 37.4714], [-121.865267, 37.484637], [-121.472952, 37.482333], [-121.486775, 37.475652], [-121.484252, 37.466032], [-121.462917, 37.451489], [-121.46186, 37.438799], [-121.472606, 37.423345], [-121.456351, 37.406735], [-121.456651, 37.395535], [-121.42405, 37.393635], [-121.412549, 37.389435], [-121.409075, 37.380672], [-121.42365, 37.358837], [-121.405753, 37.31099], [-121.423452, 37.295287], [-121.436816, 37.291971], [-121.443551, 37.296638], [-121.458051, 37.284139], [-121.45575, 37.24944], [-121.441746, 37.231127], [-121.422219, 37.221934], [-121.410463, 37.192008], [-121.413395, 37.172899], [-121.399019, 37.150135], [-121.383551, 37.151487], [-121.384266, 37.166201], [-121.359558, 37.184453], [-121.328409, 37.16595], [-121.312882, 37.170147], [-121.298552, 37.165963], [-121.281107, 37.183603], [-121.262093, 37.159323], [-121.23711, 37.157204], [-121.232297, 37.139893], [-121.217339, 37.123042], [-121.230439, 37.096942], [-121.245384, 37.089501], [-121.209637, 37.068243], [-121.208198, 37.061289], [-121.21212, 37.055299], [-121.224518, 37.056237], [-121.224507, 37.039743], [-121.248647, 37.03368], [-121.233337, 37.011746], [-121.238166, 37.009086], [-121.233137, 36.999346], [-121.241517, 36.997381], [-121.246638, 36.987048], [-121.237358, 36.973121], [-121.215406, 36.961248], [-121.418246, 36.960549], [-121.449119, 36.988211], [-121.463656, 36.984877], [-121.467939, 36.976772], [-121.488949, 36.983148], [-121.512275, 36.959036], [-121.513813, 36.945155], [-121.558452, 36.910468], [-121.560272, 36.897111], [-121.575402, 36.893033], [-121.581354, 36.899152], [-121.581154, 36.919252], [-121.590154, 36.919252], [-121.590354, 36.926151], [-121.607155, 36.926051], [-121.62473, 36.940094], [-121.645791, 36.93233], [-121.654038, 36.950584], [-121.663257, 36.951851], [-121.664787, 36.963714], [-121.698129, 36.972605], [-121.695358, 36.98515], [-121.717878, 36.995561], [-121.738697, 36.989991], [-121.718762, 37.007557], [-121.736186, 37.015342], [-121.731313, 37.022417], [-121.725771, 37.02065], [-121.74238, 37.03024], [-121.75492, 37.04845], [-121.809076, 37.069301], [-121.8184, 37.08382], [-121.861884, 37.099346], [-121.860236, 37.104073], [-121.890867, 37.105256], [-121.95416, 37.12915], [-122.026174, 37.166854], [-122.03075, 37.18999], [-122.055087, 37.212497], [-122.065933, 37.210413], [-122.10423, 37.23427], [-122.121638, 37.25856], [-122.15057, 37.2762], [-122.15339, 37.28971], [-122.166838, 37.295237], [-122.16233, 37.304413], [-122.193062, 37.318277], [-122.175075, 37.325741], [-122.202653, 37.363046]]]}}, {"type": "Feature", "properties": {"id": "Calaveras", "name": "Calaveras"}, "geometry": {"type": "Polygon", "coordinates": [[[-120.993595, 38.225582], [-120.972104, 38.217951], [-120.953404, 38.226315], [-120.937155, 38.220762], [-120.91494, 38.230037], [-120.893792, 38.221277], [-120.88006, 38.24061], [-120.855667, 38.248296], [-120.846789, 38.264273], [-120.822044, 38.275451], [-120.816852, 38.28392], [-120.810126, 38.28201], [-120.80774, 38.288723], [-120.754442, 38.288469], [-120.738286, 38.307768], [-120.63129, 38.340263], [-120.628273, 38.355404], [-120.610438, 38.370013], [-120.617107, 38.378237], [-120.608071, 38.397995], [-120.574316, 38.401848], [-120.570029, 38.414572], [-120.541304, 38.422911], [-120.53013, 38.418884], [-120.495129, 38.449625], [-120.461404, 38.446171], [-120.423215, 38.473322], [-120.380707, 38.461042], [-120.36492, 38.466571], [-120.33104, 38.465192], [-120.29374, 38.477349], [-120.269538, 38.477702], [-120.259926, 38.486717], [-120.240871, 38.485351], [-120.209405, 38.500757], [-120.123445, 38.495958], [-120.072484, 38.509869], [-120.072566, 38.447081], [-120.053578, 38.455554], [-120.019951, 38.433521], [-120.029923, 38.424682], [-120.040563, 38.425927], [-120.087914, 38.403381], [-120.134916, 38.396529], [-120.176177, 38.374014], [-120.205161, 38.329646], [-120.228749, 38.314394], [-120.23987, 38.295787], [-120.271009, 38.270281], [-120.272432, 38.259775], [-120.289221, 38.24656], [-120.29124, 38.234003], [-120.307579, 38.224431], [-120.339506, 38.183911], [-120.340933, 38.171627], [-120.360324, 38.160354], [-120.357544, 38.153879], [-120.37151, 38.149924], [-120.376203, 38.142649], [-120.371396, 38.137868], [-120.387963, 38.115243], [-120.410008, 38.102399], [-120.41463, 38.081911], [-120.430819, 38.073389], [-120.431245, 38.060509], [-120.442529, 38.058741], [-120.462133, 38.022375], [-120.46884, 38.019648], [-120.463749, 38.01039], [-120.492056, 38.011203], [-120.499822, 38.007937], [-120.504516, 37.991144], [-120.516178, 38.004133], [-120.521653, 37.99516], [-120.534985, 37.990939], [-120.528116, 37.982239], [-120.543274, 37.97572], [-120.528292, 37.975895], [-120.513439, 37.956444], [-120.535242, 37.944404], [-120.542351, 37.920446], [-120.562198, 37.91407], [-120.571348, 37.894437], [-120.587752, 37.894982], [-120.604736, 37.87324], [-120.633786, 37.860608], [-120.653274, 37.831858], [-120.93885, 38.088321], [-120.993595, 38.225582]]]}}, {"type": "Feature", "properties": {"id": "Tehama", "name": "Tehama"}, "geometry": {"type": "Polygon", "coordinates": [[[-123.065426, 40.286971], [-123.056668, 40.285375], [-123.025233, 40.303661], [-122.976871, 40.315145], [-122.949807, 40.308033], [-122.935165, 40.313202], [-122.919211, 40.306577], [-122.875704, 40.347841], [-122.854382, 40.34305], [-122.805573, 40.355887], [-122.752747, 40.360441], [-122.749759, 40.365344], [-122.730474, 40.358499], [-122.731895, 40.347091], [-122.709853, 40.348202], [-122.674212, 40.330628], [-122.651341, 40.328288], [-122.621906, 40.340385], [-122.625441, 40.347134], [-122.610158, 40.346409], [-122.585848, 40.359277], [-122.581303, 40.367332], [-122.56398, 40.365594], [-122.551026, 40.378122], [-122.532205, 40.379811], [-122.522026, 40.38784], [-122.524566, 40.394477], [-122.499065, 40.382295], [-122.470489, 40.383932], [-122.463095, 40.375741], [-122.440922, 40.373192], [-122.417853, 40.379678], [-122.394936, 40.372062], [-122.310412, 40.371064], [-122.293237, 40.380389], [-122.280852, 40.375787], [-122.227155, 40.38931], [-122.199173, 40.377943], [-122.193557, 40.392311], [-122.187331, 40.381401], [-122.172913, 40.379159], [-122.188477, 40.387485], [-122.129395, 40.398763], [-122.128964, 40.403825], [-122.11069, 40.405666], [-122.099048, 40.414757], [-122.095524, 40.410023], [-122.05252, 40.420243], [-122.031001, 40.417349], [-122.010316, 40.426558], [-121.941146, 40.415363], [-121.914151, 40.426058], [-121.900709, 40.420986], [-121.879989, 40.435958], [-121.858729, 40.441554], [-121.830789, 40.437656], [-121.806539, 40.44495], [-121.734692, 40.435638], [-121.720056, 40.448472], [-121.685877, 40.45313], [-121.64667, 40.434966], [-121.614047, 40.43908], [-121.593086, 40.431126], [-121.565132, 40.445797], [-121.497635, 40.445591], [-121.49788, 40.432003], [-121.473806, 40.424641], [-121.484278, 40.396559], [-121.481972, 40.381507], [-121.47354, 40.374556], [-121.480992, 40.366614], [-121.47242, 40.35162], [-121.429353, 40.350349], [-121.380383, 40.340288], [-121.36796, 40.331801], [-121.367463, 40.322893], [-121.342264, 40.309751], [-121.356626, 40.29747], [-121.3768, 40.297989], [-121.349367, 40.273418], [-121.349, 40.264454], [-121.367098, 40.245572], [-121.361713, 40.225581], [-121.365348, 40.216708], [-121.385028, 40.210297], [-121.407356, 40.191404], [-121.44237, 40.192913], [-121.436108, 40.181878], [-121.445123, 40.177692], [-121.446208, 40.155874], [-121.436886, 40.151905], [-121.442836, 40.1487], [-121.442869, 40.129647], [-121.452727, 40.129735], [-121.452898, 40.122125], [-121.480954, 40.122366], [-121.48097, 40.115087], [-121.490858, 40.115286], [-121.490873, 40.108044], [-121.510551, 40.107977], [-121.510559, 40.100515], [-121.586407, 40.100522], [-121.586141, 40.093295], [-121.595802, 40.093458], [-121.595647, 40.057714], [-121.608641, 40.055083], [-121.608729, 40.046746], [-121.626086, 40.039496], [-121.626634, 40.025636], [-121.636174, 40.02581], [-121.63544, 39.996822], [-121.645849, 39.997058], [-121.646032, 39.982527], [-121.703241, 39.98423], [-121.744558, 39.941848], [-121.750634, 39.906805], [-121.776224, 39.888858], [-122.044865, 39.883771], [-122.040789, 39.879899], [-122.069431, 39.84053], [-122.056665, 39.827303], [-122.064851, 39.811532], [-122.046471, 39.797648], [-122.940594, 39.799365], [-122.946706, 39.833469], [-122.960088, 39.845245], [-122.950601, 39.86913], [-122.950964, 39.906108], [-122.920524, 39.916487], [-122.920623, 39.92893], [-122.909787, 39.936385], [-122.926821, 39.945071], [-122.926897, 39.971275], [-122.939874, 39.992065], [-122.951671, 39.998271], [-122.949448, 40.012127], [-122.956378, 40.01994], [-122.94976, 40.032101], [-122.954197, 40.045434], [-122.948886, 40.049745], [-122.973222, 40.077553], [-122.961441, 40.089754], [-122.973657, 40.130025], [-122.968568, 40.139033], [-122.989407, 40.144906], [-122.983937, 40.171984], [-122.970064, 40.186306], [-122.980027, 40.214708], [-122.975119, 40.232568], [-122.985679, 40.248768], [-123.01858, 40.262783], [-123.036634, 40.261275], [-123.051047, 40.267775], [-123.065426, 40.286971]]]}}, {"type": "Feature", "properties": {"id": "Santa Barbara", "name": "Santa Barbara"}, "geometry": {"type": "MultiPolygon", "coordinates": [[[[-119.047038, 33.483819], [-119.028501, 33.487425], [-119.033652, 33.465753], [-119.042939, 33.470552], [-119.047038, 33.483819]]], [[[-119.929889, 34.059734], [-119.922027, 34.060532], [-119.919155, 34.07728], [-119.912857, 34.077508], [-119.857304, 34.071298], [-119.818742, 34.052997], [-119.759428, 34.058835], [-119.734507, 34.046087], [-119.712576, 34.043265], [-119.686507, 34.019805], [-119.65454, 34.019927], [-119.637742, 34.013178], [-119.612226, 34.021256], [-119.604287, 34.031561], [-119.609239, 34.03735], [-119.584301, 34.053643], [-119.57341, 34.05011], [-119.562347, 34.055283], [-119.52064, 34.034262], [-119.542449, 34.021082], [-119.547072, 34.005469], [-119.560464, 33.99553], [-119.662825, 33.985889], [-119.721206, 33.959583], [-119.742966, 33.963877], [-119.818249, 33.959858], [-119.873358, 33.980375], [-119.887, 34.008584], [-119.876329, 34.032087], [-119.916216, 34.058351], [-119.929889, 34.059734]]], [[[-120.249536, 34.002477], [-120.230001, 34.010136], [-120.19578, 34.004284], [-120.167306, 34.008219], [-120.140362, 34.025974], [-120.090182, 34.019806], [-120.057637, 34.03734], [-120.043259, 34.035806], [-120.050382, 34.013331], [-120.046575, 34.000002], [-120.012906, 33.980952], [-119.980156, 33.983653], [-119.976857, 33.956693], [-119.968636, 33.942878], [-120.017715, 33.936366], [-120.049682, 33.914563], [-120.098601, 33.907853], [-120.115885, 33.894361], [-120.180417, 33.925103], [-120.18984, 33.947703], [-120.222106, 33.987559], [-120.249536, 34.002477]]], [[[-120.454134, 34.028081], [-120.415287, 34.05496], [-120.390906, 34.051994], [-120.368813, 34.06778], [-120.368278, 34.076465], [-120.354982, 34.059256], [-120.358608, 34.050235], [-120.331161, 34.049097], [-120.313175, 34.036576], [-120.307219, 34.022375], [-120.35793, 34.015029], [-120.409368, 34.032198], [-120.427408, 34.025425], [-120.454134, 34.028081]]], [[[-120.670835, 34.904115], [-120.649338482465, 34.9747100117234], [-120.634144, 34.959562], [-120.613143, 34.971272], [-120.585516, 34.967221], [-120.575191, 34.978291], [-120.55492, 34.973881], [-120.53857, 34.983754], [-120.496222, 34.993155], [-120.435959, 34.986928], [-120.335853, 34.931129], [-120.318298, 34.907038], [-120.301827, 34.905571], [-120.29218, 34.93031], [-120.294548, 34.946594], [-120.304134, 34.957099], [-120.301949, 34.963381], [-120.314791, 34.973824], [-120.315998, 34.984005], [-120.333416, 34.994756], [-120.334548, 35.006315], [-120.323823, 35.017314], [-120.309926, 35.00922], [-120.290228, 35.015435], [-120.278619, 35.01156], [-120.27367, 35.020805], [-120.260272, 35.026535], [-120.257321, 35.017719], [-120.249699, 35.030067], [-120.24068, 35.02243], [-120.209907, 35.020582], [-120.180504, 35.038035], [-120.18489, 35.048449], [-120.1743, 35.070574], [-120.142918, 35.082216], [-120.143368, 35.095564], [-120.130191, 35.09614], [-120.128459, 35.090727], [-120.117037, 35.106576], [-120.110811, 35.103353], [-120.10238, 35.113221], [-120.09693, 35.109595], [-120.082084, 35.114678], [-120.084938, 35.10761], [-120.072415, 35.10471], [-120.067313, 35.096762], [-120.014049, 35.081447], [-120.013582, 35.075578], [-119.980122, 35.057573], [-119.94272, 35.054439], [-119.928419, 35.059794], [-119.901968, 35.035793], [-119.889652, 35.040629], [-119.854517, 35.032149], [-119.830825, 35.005781], [-119.801025, 34.998859], [-119.789292, 34.98867], [-119.780402, 34.990729], [-119.745566, 34.973676], [-119.673563, 34.973575], [-119.644601, 34.953748], [-119.613104, 34.949502], [-119.535757, 34.897576], [-119.443691, 34.901171], [-119.440414, 34.441842], [-119.454567, 34.421743], [-119.445991, 34.404067], [-119.468727, 34.388404], [-119.47863, 34.373275], [-119.483395, 34.380046], [-119.5369, 34.395919], [-119.563986, 34.41532], [-119.576247, 34.41254], [-119.606513, 34.420445], [-119.688167, 34.412497], [-119.684666, 34.408297], [-119.709067, 34.395397], [-119.729369, 34.395897], [-119.793567, 34.418289], [-119.835771, 34.415796], [-119.844485, 34.404301], [-119.878293, 34.407289], [-119.920433, 34.433143], [-119.955451, 34.435362], [-120.008077, 34.460447], [-120.088591, 34.460208], [-120.141165, 34.473405], [-120.295051, 34.470623], [-120.341369, 34.458789], [-120.441975, 34.451512], [-120.452811, 34.442442], [-120.471376, 34.447846], [-120.47661, 34.475131], [-120.496573, 34.495403], [-120.511421, 34.522953], [-120.581293, 34.556959], [-120.622575, 34.554017], [-120.64924, 34.576707], [-120.60045, 34.70464], [-120.637415, 34.755895], [-120.616296, 34.816308], [-120.610266, 34.85818], [-120.639283, 34.880413], [-120.647328, 34.901133], [-120.670835, 34.904115]]]]}}, {"type": "Feature", "properties": {"id": "Mono", "name": "Mono"}, "geometry": {"type": "Polygon", "coordinates": [[[-119.648938, 38.289121], [-119.642478, 38.29384], [-119.644776, 38.32164], [-119.634892, 38.329281], [-119.627908, 38.348051], [-119.635575, 38.353908], [-119.606565, 38.367827], [-119.622093, 38.393875], [-119.601212, 38.405354], [-119.583689, 38.396943], [-119.563028, 38.408999], [-119.561857, 38.420843], [-119.570009, 38.43486], [-119.556426, 38.447465], [-119.555863, 38.470242], [-119.542452, 38.480649], [-119.542817, 38.499258], [-119.55751, 38.502138], [-119.556217, 38.516621], [-119.566871, 38.52527], [-119.570995, 38.541729], [-119.584298, 38.552018], [-119.595547, 38.590333], [-119.608864, 38.594718], [-119.620517, 38.610669], [-119.614658, 38.665879], [-119.599326, 38.670233], [-119.591461, 38.682174], [-119.579518, 38.705609], [-119.585437, 38.713212], [-118.714312, 38.102185], [-117.832726, 37.464929], [-118.775014, 37.463052], [-118.79475, 37.487496], [-118.804274, 37.488939], [-118.850474, 37.475796], [-118.857223, 37.479472], [-118.860758, 37.501535], [-118.881658, 37.510336], [-118.891059, 37.525336], [-118.901859, 37.526036], [-118.917158, 37.550336], [-118.92966, 37.548936], [-118.952661, 37.565836], [-118.97696, 37.556837], [-118.984861, 37.567337], [-119.020463, 37.583437], [-119.034365, 37.603536], [-119.032565, 37.630535], [-119.054618, 37.645135], [-119.065166, 37.684556], [-119.093126, 37.703627], [-119.114446, 37.728195], [-119.128374, 37.73465], [-119.177103, 37.734776], [-119.184002, 37.739448], [-119.198491, 37.736657], [-119.216333, 37.714123], [-119.229992, 37.717406], [-119.239264, 37.727467], [-119.260078, 37.726631], [-119.268979, 37.73923], [-119.255879, 37.74503], [-119.254981, 37.756329], [-119.20328, 37.794929], [-119.204981, 37.811529], [-119.216881, 37.818728], [-119.203981, 37.829828], [-119.20688, 37.839927], [-119.196182, 37.844028], [-119.216882, 37.849628], [-119.214083, 37.871527], [-119.200783, 37.887427], [-119.210783, 37.899426], [-119.219883, 37.898626], [-119.234484, 37.910326], [-119.263885, 37.912225], [-119.263986, 37.926525], [-119.287887, 37.933024], [-119.313089, 37.953024], [-119.32259, 37.971023], [-119.31469, 37.981123], [-119.318391, 37.986423], [-119.30459, 38.023891], [-119.313952, 38.034535], [-119.31119, 38.044756], [-119.322645, 38.049865], [-119.324213, 38.060937], [-119.335839, 38.066283], [-119.345922, 38.083113], [-119.380222, 38.092546], [-119.397024, 38.106821], [-119.423957, 38.107438], [-119.430546, 38.116269], [-119.441558, 38.102683], [-119.440468, 38.095678], [-119.459805, 38.096277], [-119.4645, 38.103589], [-119.45776, 38.110723], [-119.472842, 38.116966], [-119.469456, 38.128283], [-119.488519, 38.132175], [-119.497132, 38.156885], [-119.501832, 38.159264], [-119.507613, 38.152504], [-119.50649, 38.137113], [-119.545551, 38.143072], [-119.546947, 38.15442], [-119.576496, 38.157661], [-119.578374, 38.175652], [-119.586561, 38.184839], [-119.598421, 38.181697], [-119.632671, 38.198858], [-119.625442, 38.206004], [-119.624422, 38.228673], [-119.604936, 38.234156], [-119.604895, 38.239198], [-119.621901, 38.25279], [-119.613201, 38.261416], [-119.630194, 38.268703], [-119.648938, 38.289121]]]}}, {"type": "Feature", "properties": {"id": "Del Norte", "name": "Del Norte"}, "geometry": {"type": "MultiPolygon", "coordinates": [[[[-124.215001, 41.949734], [-124.216181, 41.952212], [-124.213021, 41.951023], [-124.215001, 41.949734]]], [[[-124.255994, 41.783014], [-124.230678, 41.818681], [-124.208439, 41.888192], [-124.203402, 41.940964], [-124.210149, 41.950899], [-124.204948, 41.983441], [-124.211605, 41.99846], [-123.657212, 41.995094], [-123.517910995163, 42.0007581373596], [-123.540448, 41.986362], [-123.533251, 41.955169], [-123.554389, 41.930052], [-123.559492, 41.905968], [-123.59363, 41.90589], [-123.606301, 41.880773], [-123.642191, 41.889742], [-123.652197, 41.878696], [-123.646689, 41.877029], [-123.649476, 41.86032], [-123.661534, 41.856473], [-123.671339, 41.844985], [-123.67078, 41.835432], [-123.703768, 41.829117], [-123.689957, 41.80316], [-123.672701, 41.79595], [-123.674602, 41.785626], [-123.68834, 41.781221], [-123.678304, 41.738543], [-123.666108, 41.732156], [-123.660205, 41.714055], [-123.670117, 41.699343], [-123.662843, 41.693468], [-123.689583, 41.669434], [-123.680444, 41.633957], [-123.69664, 41.633863], [-123.719089, 41.595258], [-123.682203, 41.594561], [-123.681345, 41.586741], [-123.689095, 41.582068], [-123.681527, 41.571964], [-123.693887, 41.551858], [-123.682949, 41.543205], [-123.648046, 41.535024], [-123.637771, 41.482382], [-123.62617, 41.466827], [-123.611627, 41.461571], [-123.622009, 41.432635], [-123.64856, 41.420823], [-123.638913, 41.407366], [-123.641648, 41.400188], [-123.656005, 41.395307], [-123.661363, 41.38209], [-123.770239, 41.380776], [-123.770551, 41.464193], [-124.065520896835, 41.4647394649382], [-124.081427, 41.511228], [-124.081987, 41.547761], [-124.101123, 41.569192], [-124.097385, 41.585251], [-124.1051, 41.594315], [-124.100961, 41.602499], [-124.135552, 41.657307], [-124.147412, 41.717955], [-124.164716, 41.740126], [-124.177777, 41.745923], [-124.194953, 41.736778], [-124.23972, 41.7708], [-124.248704, 41.771459], [-124.255994, 41.783014]]]]}}, {"type": "Feature", "properties": {"id": "Napa", "name": "Napa"}, "geometry": {"type": "Polygon", "coordinates": [[[-122.64661, 38.599113], [-122.62858, 38.622562], [-122.633781, 38.638943], [-122.624196, 38.649806], [-122.623332, 38.664568], [-122.63325, 38.669126], [-122.464115, 38.706134], [-122.41588, 38.768205], [-122.403052, 38.772982], [-122.412698, 38.786274], [-122.404087, 38.79891], [-122.397316, 38.804966], [-122.379668, 38.80224], [-122.375641, 38.808067], [-122.375369, 38.826453], [-122.403571, 38.856076], [-122.395312, 38.863994], [-122.381378, 38.850046], [-122.35072, 38.835867], [-122.324047, 38.846252], [-122.315576, 38.839674], [-122.287655, 38.839975], [-122.254315, 38.781192], [-122.247778, 38.75358], [-122.2254, 38.727799], [-122.222212, 38.698744], [-122.201351, 38.690659], [-122.202112, 38.677744], [-122.190437, 38.663829], [-122.166369, 38.655453], [-122.159174, 38.635113], [-122.168703, 38.629866], [-122.16646, 38.619662], [-122.14903, 38.625195], [-122.126978, 38.587442], [-122.112869, 38.526811], [-122.103632, 38.512161], [-122.105085, 38.490672], [-122.123218, 38.449568], [-122.126136, 38.427461], [-122.0735, 38.361382], [-122.061397, 38.328378], [-122.064842, 38.315912], [-122.206154, 38.315502], [-122.199068, 38.3018], [-122.203377, 38.293352], [-122.188387, 38.271575], [-122.212076, 38.273023], [-122.21612, 38.266235], [-122.213087, 38.25925], [-122.193686, 38.25732], [-122.200845, 38.249448], [-122.211309, 38.252703], [-122.193216, 38.221314], [-122.209561, 38.189863], [-122.215202, 38.188813], [-122.214819, 38.179064], [-122.195452, 38.167281], [-122.19538, 38.155017], [-122.406786, 38.155632], [-122.396822, 38.161451], [-122.367561, 38.158792], [-122.369027, 38.181898], [-122.35737, 38.183958], [-122.360257, 38.197115], [-122.349564, 38.193972], [-122.364155, 38.215281], [-122.365306, 38.245986], [-122.373798, 38.243842], [-122.389836, 38.260878], [-122.388177, 38.274341], [-122.396491, 38.271287], [-122.404775, 38.282072], [-122.400156, 38.289675], [-122.403722, 38.299932], [-122.396295, 38.309092], [-122.426698, 38.348591], [-122.457376, 38.367863], [-122.448117, 38.379505], [-122.497606, 38.4243], [-122.480002, 38.451328], [-122.509618, 38.457477], [-122.505822, 38.464493], [-122.516059, 38.470887], [-122.529625, 38.469593], [-122.544733, 38.495675], [-122.535309, 38.50169], [-122.550025, 38.511194], [-122.541683, 38.513411], [-122.544673, 38.520698], [-122.566602, 38.525553], [-122.590233, 38.553786], [-122.620846, 38.560317], [-122.622681, 38.567692], [-122.631832, 38.569367], [-122.630208, 38.578529], [-122.64661, 38.599113]]]}}, {"type": "Feature", "properties": {"id": "Solano", "name": "Solano"}, "geometry": {"type": "Polygon", "coordinates": [[[-122.403475, 38.155465], [-122.19538, 38.155017], [-122.195452, 38.167281], [-122.214819, 38.179064], [-122.215202, 38.188813], [-122.209561, 38.189863], [-122.193216, 38.221314], [-122.211309, 38.252703], [-122.200845, 38.249448], [-122.193686, 38.25732], [-122.213087, 38.25925], [-122.21612, 38.266235], [-122.212076, 38.273023], [-122.188387, 38.271575], [-122.203377, 38.293352], [-122.199068, 38.3018], [-122.206154, 38.315502], [-122.064842, 38.315912], [-122.061732, 38.325666], [-122.0735, 38.361382], [-122.126136, 38.427461], [-122.123218, 38.449568], [-122.105085, 38.490672], [-122.104128, 38.513362], [-122.090775, 38.515996], [-122.057415, 38.517441], [-122.035566, 38.496122], [-122.013377, 38.488721], [-121.940285, 38.533384], [-121.908969, 38.529576], [-121.885882, 38.53876], [-121.86012, 38.538512], [-121.785811, 38.523074], [-121.771403, 38.532345], [-121.7651, 38.525856], [-121.738594, 38.537704], [-121.712034, 38.537962], [-121.694677, 38.527054], [-121.693697, 38.313732], [-121.593273, 38.313089], [-121.60518, 38.296084], [-121.601996, 38.22265], [-121.614471, 38.196474], [-121.662907, 38.181869], [-121.685586, 38.159705], [-121.692095, 38.133126], [-121.707215, 38.109846], [-121.710888, 38.086489], [-121.729348, 38.082348], [-121.743164, 38.087229], [-121.79849, 38.060111], [-121.827916, 38.066223], [-121.842444, 38.076735], [-121.861597, 38.069887], [-121.874743, 38.050676], [-121.901171, 38.045361], [-121.935428, 38.048793], [-121.97744, 38.06684], [-122.028411, 38.05919], [-122.061103, 38.062137], [-122.123161, 38.036082], [-122.156852, 38.032946], [-122.183863, 38.053997], [-122.244106, 38.063795], [-122.269666188168, 38.0603362895779], [-122.302557, 38.103248], [-122.361264, 38.133167], [-122.398128869978, 38.1427994358877], [-122.403475, 38.155465]]]}}, {"type": "Feature", "properties": {"id": "Modoc", "name": "Modoc"}, "geometry": {"type": "Polygon", "coordinates": [[[-121.457213, 41.949945], [-121.447563, 41.950642], [-121.447537949131, 41.9974692924328], [-119.999234, 41.994944], [-119.999866, 41.183974], [-121.446495, 41.183484], [-121.448981, 41.776392], [-121.456922, 41.776302], [-121.457213, 41.949945]]]}}, {"type": "Feature", "properties": {"id": "San Joaquin", "name": "San Joaquin"}, "geometry": {"type": "Polygon", "coordinates": [[[-121.581686, 38.032355], [-121.582203, 38.068423], [-121.572923, 38.074239], [-121.580022, 38.094414], [-121.564035, 38.101422], [-121.583502, 38.113475], [-121.584074, 38.120228], [-121.557688, 38.136751], [-121.559176, 38.143886], [-121.53631, 38.151581], [-121.524359, 38.172316], [-121.528896, 38.195332], [-121.509935, 38.20458], [-121.504335, 38.212131], [-121.50639, 38.224587], [-121.491669, 38.22769], [-121.475718, 38.25809], [-121.429097, 38.254673], [-121.420517, 38.237242], [-121.398193, 38.227427], [-121.389054, 38.233165], [-121.344024, 38.22826], [-121.295505, 38.237624], [-121.283031, 38.249659], [-121.26838, 38.252271], [-121.222512, 38.244406], [-121.192023, 38.256698], [-121.173079, 38.255208], [-121.127782, 38.277447], [-121.093113, 38.282569], [-121.066653, 38.299146], [-121.047494, 38.291142], [-121.027084, 38.300252], [-120.93885, 38.088321], [-120.926449, 38.077421], [-120.92058, 37.73846], [-120.95416, 37.738445], [-120.99276, 37.760755], [-121.008, 37.749091], [-121.017721, 37.755276], [-121.026478, 37.741769], [-121.037872, 37.73916], [-121.051813, 37.742507], [-121.056212, 37.750374], [-121.066986, 37.73956], [-121.088368, 37.741052], [-121.094385, 37.733662], [-121.110208, 37.742043], [-121.10763, 37.73228], [-121.121356, 37.721919], [-121.155849, 37.719844], [-121.166244, 37.699397], [-121.17845, 37.705529], [-121.181124, 37.688092], [-121.194228, 37.694953], [-121.19964, 37.690371], [-121.199817, 37.696219], [-121.208692, 37.686302], [-121.223466, 37.683608], [-121.220357, 37.671044], [-121.231555, 37.662588], [-121.241229, 37.66425], [-121.471925, 37.481783], [-121.470938, 37.491183], [-121.496017, 37.504938], [-121.501475, 37.525003], [-121.541833, 37.530215], [-121.556655, 37.542732], [-121.557038, 37.815988], [-121.534247, 37.849891], [-121.553123, 37.860963], [-121.561977, 37.853138], [-121.569812, 37.860689], [-121.578965, 37.858497], [-121.573389, 37.865751], [-121.579425, 37.8723], [-121.575532, 37.88898], [-121.565904, 37.897672], [-121.572626, 37.904665], [-121.556419, 37.923302], [-121.563406, 37.944273], [-121.557583, 37.946496], [-121.567409, 37.943982], [-121.564113, 37.955115], [-121.575188, 37.955045], [-121.565138, 37.959849], [-121.579943, 37.976113], [-121.572393, 37.979045], [-121.582463, 37.983922], [-121.578945, 37.99855], [-121.568978, 38.00139], [-121.57991, 38.007783], [-121.566867, 38.012709], [-121.572052, 38.01841], [-121.557554, 38.017037], [-121.564226, 38.029699], [-121.571809, 38.031376], [-121.572169, 38.041412], [-121.580185, 38.041268], [-121.581686, 38.032355]]]}}, {"type": "Feature", "properties": {"id": "Inyo", "name": "Inyo"}, "geometry": {"type": "Polygon", "coordinates": [[[-118.790031, 37.394032], [-118.779757, 37.421678], [-118.769272, 37.422173], [-118.759581, 37.435573], [-118.763287, 37.456537], [-118.775014, 37.463052], [-117.832726, 37.464929], [-117.000895, 36.847694], [-115.648020311818, 35.8096294219517], [-115.735745, 35.809097], [-115.735891, 35.79362], [-117.924406, 35.798359], [-117.923003, 35.786686], [-118.008094, 35.788935], [-118.007727, 35.817083], [-117.998605, 35.823029], [-118.006195, 35.829037], [-118.007418, 35.85818], [-117.996701, 35.869493], [-117.980761, 35.867515], [-117.989012, 35.884116], [-117.982198, 35.893088], [-117.990218, 35.912741], [-117.983287, 35.926563], [-117.991944, 35.943771], [-118.016791, 35.954551], [-118.0147, 35.972454], [-118.003577, 35.983718], [-118.012077, 35.998305], [-118.033611, 36.008944], [-118.046312, 36.042943], [-118.042712, 36.048543], [-118.051713, 36.059543], [-118.051513, 36.083242], [-118.067313, 36.093442], [-118.064914, 36.110342], [-118.073514, 36.140341], [-118.059714, 36.150841], [-118.059315, 36.17014], [-118.073715, 36.18944], [-118.105616, 36.213439], [-118.105216, 36.233639], [-118.119366, 36.255561], [-118.117385, 36.271165], [-118.127601, 36.280348], [-118.127008, 36.300223], [-118.111817, 36.308337], [-118.112517, 36.322037], [-118.097691, 36.331099], [-118.100317, 36.346137], [-118.124218, 36.351937], [-118.130518, 36.370336], [-118.141018, 36.371636], [-118.163019, 36.389636], [-118.140319, 36.403536], [-118.141219, 36.420936], [-118.157019, 36.432636], [-118.193619, 36.426536], [-118.21442, 36.434336], [-118.20962, 36.442136], [-118.21592, 36.456736], [-118.24992, 36.482435], [-118.23502, 36.493735], [-118.241421, 36.500035], [-118.239021, 36.523635], [-118.250922, 36.525635], [-118.252022, 36.542135], [-118.265323, 36.551535], [-118.291223, 36.559335], [-118.294124, 36.577435], [-118.289024, 36.590734], [-118.274624, 36.597334], [-118.320826, 36.627034], [-118.318926, 36.638434], [-118.338227, 36.655434], [-118.331227, 36.669434], [-118.347527, 36.672334], [-118.352028, 36.682934], [-118.366128, 36.690435], [-118.335528, 36.704434], [-118.336029, 36.716334], [-118.351329, 36.741034], [-118.36933, 36.750334], [-118.38023, 36.782234], [-118.374225, 36.800517], [-118.393724, 36.829668], [-118.362169, 36.844002], [-118.362223, 36.861359], [-118.370179, 36.871688], [-118.360831, 36.887734], [-118.388432, 36.945534], [-118.396632, 36.957335], [-118.404733, 36.957535], [-118.404433, 36.972035], [-118.419533, 36.987435], [-118.412248, 36.998357], [-118.427981, 37.011235], [-118.42276, 37.025805], [-118.441729, 37.045013], [-118.43497, 37.049739], [-118.437137, 37.059818], [-118.448956, 37.069139], [-118.467332, 37.066745], [-118.503103, 37.095221], [-118.522127, 37.098354], [-118.530932, 37.11118], [-118.564104, 37.113208], [-118.569029, 37.1226], [-118.583087, 37.122398], [-118.592661, 37.138147], [-118.654593, 37.141826], [-118.672648, 37.167343], [-118.66424, 37.178145], [-118.666755, 37.190031], [-118.681349, 37.204438], [-118.675568, 37.213777], [-118.686424, 37.227575], [-118.683745, 37.244369], [-118.665332, 37.261917], [-118.716016, 37.328208], [-118.740026, 37.315237], [-118.757855, 37.32884], [-118.780107, 37.334873], [-118.786736, 37.34338], [-118.784206, 37.352352], [-118.768611, 37.359834], [-118.767677, 37.367663], [-118.790031, 37.394032]]]}}, {"type": "Feature", "properties": {"id": "Plumas", "name": "Plumas"}, "geometry": {"type": "Polygon", "coordinates": [[[-121.49788, 40.432003], [-121.497635, 40.445591], [-121.346531, 40.449715], [-121.308353, 40.445091], [-121.061417, 40.446536], [-121.061493, 40.256417], [-121.041517, 40.256474], [-121.041521, 40.234795], [-121.003918, 40.234941], [-121.003732, 40.220975], [-120.946188, 40.220808], [-120.947152, 40.206499], [-120.928066, 40.206451], [-120.928582, 40.191931], [-120.890646, 40.192116], [-120.890676, 40.19941], [-120.87183, 40.199397], [-120.871782, 40.24164], [-120.853118, 40.241803], [-120.853197, 40.248855], [-120.834058, 40.256161], [-120.83382, 40.270728], [-120.796, 40.277726], [-120.796757, 40.300937], [-120.773805, 40.301434], [-120.773728, 40.308678], [-120.764346, 40.308718], [-120.764403, 40.31601], [-120.726574, 40.315929], [-120.726417, 40.308433], [-120.652158, 40.307656], [-120.651651, 40.300451], [-120.642331, 40.300393], [-120.642505, 40.293184], [-120.622661, 40.293014], [-120.622796, 40.28571], [-120.576825, 40.28543], [-120.576729, 40.263796], [-120.548724, 40.263596], [-120.548663, 40.256275], [-120.510817, 40.248945], [-120.510665, 40.234698], [-120.49172, 40.234791], [-120.492062, 40.220292], [-120.48246, 40.220184], [-120.482848, 40.205798], [-120.454331, 40.205751], [-120.454152, 40.191355], [-120.445285, 40.191357], [-120.445892, 40.176854], [-120.436468, 40.176646], [-120.436371, 40.169563], [-120.416918, 40.169441], [-120.417254, 40.162076], [-120.407609, 40.162164], [-120.407954, 40.147354], [-120.398256, 40.147365], [-120.398307, 40.14064], [-120.379117, 40.140556], [-120.379399, 40.12951], [-120.341463, 40.122556], [-120.341385, 40.115243], [-120.266561, 40.115869], [-120.265633, 40.107748], [-120.246788, 40.107885], [-120.24689, 40.085805], [-120.209641, 40.086008], [-120.21089, 40.042757], [-120.201383, 40.042737], [-120.201264, 40.013474], [-120.182484, 40.01335], [-120.182454, 39.998521], [-120.173003, 39.998325], [-120.173274, 39.983889], [-120.163406, 39.98378], [-120.163654, 39.968659], [-120.145015, 39.962292], [-120.144991, 39.955067], [-120.135735, 39.95504], [-120.135768, 39.947757], [-120.126711, 39.947749], [-120.126574, 39.939551], [-120.108761, 39.93951], [-120.108883, 39.910374], [-120.099556, 39.910339], [-120.099339, 39.881219], [-120.108099, 39.881266], [-120.110627, 39.765779], [-120.119584, 39.765627], [-120.11911, 39.751087], [-120.127635, 39.750954], [-120.127763, 39.736159], [-120.14658, 39.736406], [-120.147149, 39.707658], [-120.654124, 39.706234], [-120.66004, 39.686197], [-120.679907, 39.67659], [-120.716573, 39.706343], [-120.734065, 39.708214], [-120.749929, 39.719635], [-120.792484, 39.709794], [-120.794768, 39.7184], [-120.809379, 39.721186], [-120.81577, 39.746945], [-120.826688, 39.742094], [-120.840428, 39.747004], [-120.870988, 39.776821], [-120.895226, 39.759849], [-120.913879, 39.757222], [-120.934366, 39.738792], [-120.93426, 39.701618], [-120.950481, 39.671557], [-120.978436, 39.648956], [-121.009477, 39.639459], [-121.076695, 39.597264], [-121.079345, 39.60335], [-121.088921, 39.603306], [-121.088947, 39.613545], [-121.097703, 39.613698], [-121.097538, 39.620903], [-121.136715, 39.628169], [-121.136412, 39.65681], [-121.155077, 39.656785], [-121.163015, 39.670987], [-121.171143, 39.671088], [-121.171188, 39.685564], [-121.190284, 39.685353], [-121.190532, 39.699891], [-121.208687, 39.700358], [-121.210878, 39.725651], [-121.229446, 39.725665], [-121.229706, 39.740213], [-121.248256, 39.740041], [-121.251074, 39.754041], [-121.268025, 39.754244], [-121.268272, 39.768799], [-121.285852, 39.767624], [-121.284946, 39.781576], [-121.316938, 39.796702], [-121.318471, 39.810906], [-121.332333, 39.811053], [-121.332293, 39.825696], [-121.350821, 39.825704], [-121.351079, 39.84035], [-121.360516, 39.84074], [-121.361206, 39.855473], [-121.380183, 39.855421], [-121.38015, 39.862816], [-121.398529, 39.862884], [-121.399018, 39.871287], [-121.411936, 39.871421], [-121.411, 39.900425], [-121.429957, 39.900313], [-121.430012, 39.914833], [-121.411001, 39.915091], [-121.411086, 39.929433], [-121.420573, 39.929606], [-121.419844, 39.958625], [-121.410327, 39.958478], [-121.410263, 39.987303], [-121.419817, 39.987549], [-121.41948, 40.015766], [-121.409562, 40.015728], [-121.409642, 40.030624], [-121.400338, 40.030523], [-121.400353, 40.052095], [-121.382266, 40.051827], [-121.377076, 40.057089], [-121.376844, 40.071747], [-121.367142, 40.071888], [-121.366818, 40.086054], [-121.376792, 40.086034], [-121.376489, 40.108626], [-121.386105, 40.10865], [-121.385934, 40.1159], [-121.404855, 40.115545], [-121.404509, 40.151648], [-121.446208, 40.155874], [-121.445123, 40.177692], [-121.436108, 40.181878], [-121.444111, 40.190745], [-121.434389, 40.195941], [-121.407356, 40.191404], [-121.385028, 40.210297], [-121.367735, 40.212728], [-121.361713, 40.225581], [-121.367098, 40.245572], [-121.349, 40.264454], [-121.349367, 40.273418], [-121.3768, 40.297989], [-121.356626, 40.29747], [-121.342264, 40.309751], [-121.367463, 40.322893], [-121.36796, 40.331801], [-121.380383, 40.340288], [-121.429353, 40.350349], [-121.47242, 40.35162], [-121.480992, 40.366614], [-121.47354, 40.374556], [-121.481972, 40.381507], [-121.484278, 40.396559], [-121.473806, 40.424641], [-121.49788, 40.432003]]]}}, {"type": "Feature", "properties": {"id": "Amador", "name": "Amador"}, "geometry": {"type": "Polygon", "coordinates": [[[-121.027406, 38.50354], [-121.005307, 38.519592], [-120.995008, 38.513691], [-120.980101, 38.515161], [-120.941318, 38.528602], [-120.927022, 38.514953], [-120.910985, 38.520496], [-120.902048, 38.531263], [-120.885067, 38.525071], [-120.87671, 38.542975], [-120.864051, 38.53526], [-120.862409, 38.543329], [-120.847218, 38.553786], [-120.836585, 38.551468], [-120.812953, 38.562209], [-120.784178, 38.550915], [-120.759959, 38.554931], [-120.736548, 38.545644], [-120.722295, 38.546946], [-120.683089, 38.526394], [-120.67718, 38.517809], [-120.606157, 38.502349], [-120.55378, 38.511863], [-120.510596, 38.511467], [-120.354486, 38.548077], [-120.317142, 38.54511], [-120.301721, 38.549109], [-120.299189, 38.556117], [-120.274522, 38.559452], [-120.26256, 38.578633], [-120.233849, 38.588316], [-120.214632, 38.628869], [-120.202875, 38.624706], [-120.140494, 38.638168], [-120.116701, 38.679778], [-120.122222, 38.69571], [-120.112009, 38.705016], [-120.077639, 38.708887], [-120.082491, 38.700604], [-120.072392, 38.702767], [-120.072484, 38.509869], [-120.123445, 38.495958], [-120.209405, 38.500757], [-120.240871, 38.485351], [-120.259926, 38.486717], [-120.269538, 38.477702], [-120.29374, 38.477349], [-120.33104, 38.465192], [-120.36492, 38.466571], [-120.380707, 38.461042], [-120.423215, 38.473322], [-120.461404, 38.446171], [-120.495129, 38.449625], [-120.53013, 38.418884], [-120.541304, 38.422911], [-120.570029, 38.414572], [-120.574316, 38.401848], [-120.608071, 38.397995], [-120.617107, 38.378237], [-120.610438, 38.370013], [-120.628273, 38.355404], [-120.63129, 38.340263], [-120.738286, 38.307768], [-120.754442, 38.288469], [-120.80774, 38.288723], [-120.810126, 38.28201], [-120.816852, 38.28392], [-120.822044, 38.275451], [-120.846789, 38.264273], [-120.855667, 38.248296], [-120.88006, 38.24061], [-120.893792, 38.221277], [-120.91494, 38.230037], [-120.937155, 38.220762], [-120.953404, 38.226315], [-120.972104, 38.217951], [-120.995497, 38.225402], [-121.027084, 38.300252], [-121.027406, 38.50354]]]}}, {"type": "Feature", "properties": {"id": "San Francisco", "name": "San Francisco"}, "geometry": {"type": "MultiPolygon", "coordinates": [[[[-122.331615467306, 37.7870695682435], [-122.328024583922, 37.7813728248168], [-122.332037, 37.782035], [-122.331615467306, 37.7870695682435]]], [[[-122.377679, 37.83046], [-122.368752, 37.831286], [-122.362911, 37.822696], [-122.362294, 37.807016], [-122.372836, 37.811068], [-122.377679, 37.83046]]], [[[-122.420317989313, 37.8630581631191], [-122.418793, 37.861948], [-122.419927351108, 37.8607017616283], [-122.420317989313, 37.8630581631191]]], [[[-122.425227, 37.828586], [-122.420248, 37.826513], [-122.420722, 37.82525], [-122.42277, 37.825256], [-122.425227, 37.828586]]], [[[-122.514483, 37.780829], [-122.50531, 37.788312], [-122.485783, 37.790629], [-122.476785, 37.80944], [-122.463793, 37.804653], [-122.409529, 37.8089], [-122.387669, 37.788809], [-122.386851, 37.76371], [-122.367798, 37.740182], [-122.37384, 37.739574], [-122.374609, 37.73288], [-122.359279, 37.728593], [-122.362872, 37.718115], [-122.379289, 37.724302], [-122.37939, 37.708663], [-122.502426880724, 37.7081329861058], [-122.514483, 37.780829]]], [[[-123.013916, 37.700355], [-123.003507, 37.704396], [-122.998754, 37.697438], [-123.002794, 37.692736], [-123.013916, 37.700355]]]]}}, {"type": "Feature", "properties": {"id": "Kings", "name": "Kings"}, "geometry": {"type": "Polygon", "coordinates": [[[-120.315068, 35.907186], [-119.958916, 36.181414], [-119.959227, 36.400975], [-119.753114, 36.401894], [-119.747117, 36.416387], [-119.671493, 36.431074], [-119.66692, 36.418728], [-119.573194, 36.488835], [-119.527194, 36.488886], [-119.528792, 36.401465], [-119.474892, 36.400953], [-119.474607, 36.269025], [-119.529358, 36.26985], [-119.529141, 36.137914], [-119.53638, 36.137893], [-119.53812, 35.789898], [-120.213979, 35.789276], [-120.219906, 35.818915], [-120.244534, 35.823988], [-120.259182, 35.845287], [-120.255909, 35.855682], [-120.240246, 35.865928], [-120.243275, 35.877669], [-120.27576, 35.905881], [-120.315068, 35.907186]]]}}, {"type": "Feature", "properties": {"id": "Lassen", "name": "Lassen"}, "geometry": {"type": "Polygon", "coordinates": [[[-121.332338, 40.905394], [-121.331786, 41.183886], [-119.999866, 41.183974], [-119.995926, 40.499901], [-120.001319, 39.72242], [-120.015804, 39.722359], [-120.015734, 39.708721], [-120.147149, 39.707658], [-120.14658, 39.736406], [-120.127763, 39.736159], [-120.127635, 39.750954], [-120.11911, 39.751087], [-120.119584, 39.765627], [-120.110627, 39.765779], [-120.108099, 39.881266], [-120.099339, 39.881219], [-120.099556, 39.910339], [-120.108883, 39.910374], [-120.108761, 39.93951], [-120.126574, 39.939551], [-120.126711, 39.947749], [-120.135768, 39.947757], [-120.135735, 39.95504], [-120.144991, 39.955067], [-120.145015, 39.962292], [-120.163654, 39.968659], [-120.163406, 39.98378], [-120.173274, 39.983889], [-120.173003, 39.998325], [-120.182454, 39.998521], [-120.182484, 40.01335], [-120.201264, 40.013474], [-120.201383, 40.042737], [-120.21089, 40.042757], [-120.209641, 40.086008], [-120.24689, 40.085805], [-120.246788, 40.107885], [-120.265633, 40.107748], [-120.266561, 40.115869], [-120.341385, 40.115243], [-120.341463, 40.122556], [-120.379399, 40.12951], [-120.379117, 40.140556], [-120.398307, 40.14064], [-120.398256, 40.147365], [-120.407954, 40.147354], [-120.407609, 40.162164], [-120.417254, 40.162076], [-120.416918, 40.169441], [-120.436371, 40.169563], [-120.436468, 40.176646], [-120.445892, 40.176854], [-120.445285, 40.191357], [-120.454152, 40.191355], [-120.454331, 40.205751], [-120.482848, 40.205798], [-120.48246, 40.220184], [-120.492062, 40.220292], [-120.49172, 40.234791], [-120.510665, 40.234698], [-120.510817, 40.248945], [-120.548663, 40.256275], [-120.548724, 40.263596], [-120.576729, 40.263796], [-120.576825, 40.28543], [-120.622796, 40.28571], [-120.622661, 40.293014], [-120.642505, 40.293184], [-120.642331, 40.300393], [-120.651651, 40.300451], [-120.652158, 40.307656], [-120.726417, 40.308433], [-120.726574, 40.315929], [-120.764403, 40.31601], [-120.764346, 40.308718], [-120.773728, 40.308678], [-120.773805, 40.301434], [-120.796757, 40.300937], [-120.796, 40.277726], [-120.83382, 40.270728], [-120.834058, 40.256161], [-120.853197, 40.248855], [-120.853118, 40.241803], [-120.871782, 40.24164], [-120.87183, 40.199397], [-120.890676, 40.19941], [-120.890646, 40.192116], [-120.928582, 40.191931], [-120.928066, 40.206451], [-120.947152, 40.206499], [-120.946188, 40.220808], [-121.003732, 40.220975], [-121.003918, 40.234941], [-121.041521, 40.234795], [-121.041517, 40.256474], [-121.061493, 40.256417], [-121.061417, 40.446536], [-121.327826, 40.445367], [-121.319976, 40.905886], [-121.332338, 40.905394]]]}}, {"type": "Feature", "properties": {"id": "Kern", "name": "Kern"}, "geometry": {"type": "Polygon", "coordinates": [[[-120.194369, 35.789363], [-118.448908, 35.792363], [-117.923003, 35.786686], [-117.924406, 35.798359], [-117.634291, 35.797658], [-117.634315, 35.70983], [-117.652136, 35.709858], [-117.652184, 35.680771], [-117.616518, 35.680687], [-117.616518, 35.651611], [-117.634353, 35.650847], [-117.629686, 35.466159], [-117.632151, 34.822271], [-118.854009, 34.817684], [-118.854114, 34.803279], [-118.876722, 34.803203], [-118.884057, 34.810817], [-118.880416, 34.817843], [-118.894634, 34.817972], [-118.880405, 34.788655], [-118.978022, 34.789809], [-118.977926, 34.811714], [-119.242534, 34.814323], [-119.242581, 34.857598], [-119.277245, 34.857284], [-119.276435, 34.872481], [-119.381854, 34.87399], [-119.383705, 34.900817], [-119.472494, 34.901378], [-119.472552, 35.076669], [-119.490539, 35.076679], [-119.49038, 35.091646], [-119.561752, 35.087831], [-119.553819, 35.180123], [-119.667304, 35.174982], [-119.666585, 35.262635], [-119.809407, 35.263693], [-119.80921, 35.35094], [-119.880356, 35.351124], [-119.880045, 35.439133], [-119.99315, 35.43947], [-119.997449, 35.468708], [-120.015113, 35.468838], [-120.014305, 35.483396], [-120.032867, 35.483497], [-120.033017, 35.498294], [-120.050927, 35.498248], [-120.051016, 35.513066], [-120.069007, 35.512938], [-120.068777, 35.526557], [-120.086766, 35.526432], [-120.08618, 35.614397], [-120.193988, 35.614389], [-120.194369, 35.789363]]]}}]}